Date,MGP,BUFF,NTNX,TRVG,TWLO,USFD,VVV,ZTO
4/19/2016,21,,,,,,,
4/20/2016,22.01,,,,,,,
4/21/2016,21.76,,,,,,,
4/22/2016,22,,,,,,,
4/25/2016,22.08,,,,,,,
4/26/2016,22.389999,,,,,,,
4/27/2016,22.34,,,,,,,
4/28/2016,22.26,,,,,,,
4/29/2016,22.07,,,,,,,
5/2/2016,22.02,,,,,,,
5/3/2016,22.35,,,,,,,
5/4/2016,22.5,,,,,,,
5/5/2016,22.65,,,,,,,
5/6/2016,22.790001,,,,,,,
5/9/2016,22.9,,,,,,,
5/10/2016,22.91,,,,,,,
5/11/2016,22.83,,,,,,,
5/12/2016,22.77,,,,,,,
5/13/2016,22.74,,,,,,,
5/16/2016,22.99,,,,,,,
5/17/2016,22.98,,,,,,,
5/18/2016,22.889999,,,,,,,
5/19/2016,22.780001,,,,,,,
5/20/2016,22.809999,,,,,,,
5/23/2016,22.73,,,,,,,
5/24/2016,22.620001,,,,,,,
5/25/2016,22.799999,,,,,,,
5/26/2016,22.75,,,,,24.91,,
5/27/2016,23.030001,,,,,25.030001,,
5/31/2016,23,,,,,24.99,,
6/1/2016,23.809999,,,,,25.35,,
6/2/2016,23.92,,,,,25.280001,,
6/3/2016,24.25,,,,,25.290001,,
6/6/2016,24.35,,,,,25.309999,,
6/7/2016,25.450001,,,,,25.4,,
6/8/2016,25.120001,,,,,25.219999,,
6/9/2016,25.48,,,,,24.950001,,
6/10/2016,25.469999,,,,,24.719999,,
6/13/2016,24.74,,,,,24.280001,,
6/14/2016,25.02,,,,,23.67,,
6/15/2016,24.99,,,,,23.99,,
6/16/2016,26,,,,,23.74,,
6/17/2016,26.9,,,,,23.959999,,
6/20/2016,26.870001,,,,,23.559999,,
6/21/2016,26.48,,,,,23.889999,,
6/22/2016,25.690001,,,,,23.57,,
6/23/2016,25.219999,,,,28.790001,23.18,,
6/24/2016,24.73,,,,26.299999,23.34,,
6/27/2016,24.68,,,,27.25,23.76,,
6/28/2016,25.139999,,,,29.92,24.23,,
6/29/2016,25.969999,,,,37.080002,24.389999,,
6/30/2016,26.68,,,,36.5,24.24,,
7/1/2016,26.43,,,,34.029999,24.48,,
7/5/2016,26.629999,,,,34.040001,24.209999,,
7/6/2016,26.9,,,,37.93,24.950001,,
7/7/2016,26.440001,,,,36.509998,25.02,,
7/8/2016,26.780001,,,,35.540001,25.08,,
7/11/2016,26.559999,,,,37.299999,25.4,,
7/12/2016,26.969999,,,,38.299999,25.43,,
7/13/2016,26.65,,,,42.25,25.5,,
7/14/2016,26.48,,,,41.75,25.41,,
7/15/2016,26.49,,,,43,24.92,,
7/18/2016,26.120001,,,,41.029999,25.299999,,
7/19/2016,26.719999,,,,39.07,25.290001,,
7/20/2016,26.700001,,,,41.73,25.440001,,
7/21/2016,26.879999,,,,40.119999,25.48,,
7/22/2016,26.98,,,,40.810001,25.1,,
7/25/2016,26.790001,,,,40.75,24.85,,
7/26/2016,26.549999,,,,40.389999,24.65,,
7/27/2016,26.549999,,,,42.540001,24.049999,,
7/28/2016,26.77,,,,42.169998,24.26,,
7/29/2016,27.110001,,,,40.630001,24.16,,
8/1/2016,26.74,,,,39.330002,24.02,,
8/2/2016,26.24,,,,37.93,24.030001,,
8/3/2016,26.200001,,,,38.549999,24.07,,
8/4/2016,26.620001,,,,40.59,23.700001,,
8/5/2016,26.530001,,,,41.490002,23.709999,,
8/8/2016,26.620001,,,,42.5,23.65,,
8/9/2016,26.34,,,,43.009998,24.219999,,
8/10/2016,26.1,,,,43.630001,23.99,,
8/11/2016,25.889999,,,,48.709999,23.799999,,
8/12/2016,26.280001,,,,53.290001,24.040001,,
8/15/2016,26.110001,,,,58.470001,24.540001,,
8/16/2016,26.110001,,,,59.34,24.35,,
8/17/2016,26.32,,,,58.860001,23.870001,,
8/18/2016,26.01,,,,54.400002,24.040001,,
8/19/2016,25.959999,,,,54.880001,24.65,,
8/22/2016,26.059999,,,,58.650002,25,,
8/23/2016,26.08,,,,56.080002,24.950001,,
8/24/2016,25.76,,,,53.599998,24.51,,
8/25/2016,25.549999,,,,51.93,24.76,,
8/26/2016,25.74,,,,54.25,24.76,,
8/29/2016,25.610001,,,,53.82,24.35,,
8/30/2016,25.33,,,,53.799999,24.190001,,
8/31/2016,25.219999,,,,53.619999,24.25,,
9/1/2016,25.25,,,,54.380001,24.17,,
9/2/2016,25.629999,,,,57.619999,24.75,,
9/6/2016,26.23,,,,59.18,24.709999,,
9/7/2016,26.139999,,,,56.630001,24.530001,,
9/8/2016,25.889999,,,,57.450001,23.99,,
9/9/2016,25.040001,,,,56,23.440001,,
9/12/2016,25.01,,,,56.700001,23.51,,
9/13/2016,24.32,,,,53.970001,23.26,,
9/14/2016,24.41,,,,53.119999,23.58,,
9/15/2016,25.27,,,,54,23.43,,
9/16/2016,25.32,,,,56.75,22.99,,
9/19/2016,25.4,,,,57.279999,23.120001,,
9/20/2016,25.129999,,,,56.759998,23.15,,
9/21/2016,26.1,,,,61.700001,23.280001,,
9/22/2016,26.190001,,,,64.919998,23.52,,
9/23/2016,26.18,,,,64.07,23.77,23.1,
9/26/2016,26.440001,,,,64.239998,23.469999,23.98,
9/27/2016,26.690001,,,,68.220001,23.41,23.68,
9/28/2016,26.6,,,,68.970001,23.83,23.85,
9/29/2016,25.950001,,,,68.720001,23.43,23.5,
9/30/2016,26.07,,37,,64.360001,23.610001,23.49,
10/3/2016,26.059999,,44.459999,,65.019997,23.57,23.209999,
10/4/2016,25.629999,,38.09,,60.939999,23.49,23.129999,
10/5/2016,25.030001,,36.18,,61.470001,23.32,23,
10/6/2016,24.74,,36.700001,,60.689999,23.24,23.07,
10/7/2016,24.52,,38.150002,,60.580002,23.34,22.75,
10/10/2016,24.889999,,34.810001,,52.02,23.32,23.09,
10/11/2016,24.530001,,32.009998,,52.439999,23.030001,22.98,
10/12/2016,24.9,,32.5,,50.799999,23.01,23.200001,
10/13/2016,25.41,,34.700001,,47.240002,22.860001,23.15,
10/14/2016,25.16,,33.150002,,46.110001,22.93,23.280001,
10/17/2016,25.379999,,30.65,,44.450001,22.92,23.110001,
10/18/2016,25.92,,30.74,,47.77,22.92,22.780001,
10/19/2016,25.99,,29.99,,46.509998,23.02,22.299999,
10/20/2016,25.9,,28.5,,44.139999,23.049999,22.1,
10/21/2016,25.75,25.299999,29.209999,,41.060001,22.92,21.57,
10/24/2016,25.5,25.52,29.77,,40.73,22.99,21.35,
10/25/2016,25.379999,25.120001,29.15,,38.599998,22.860001,21.07,
10/26/2016,25.74,25.299999,28.76,,39.240002,22.719999,20.709999,
10/27/2016,25.25,25.34,27.43,,37.259998,22.51,20.4,16.57
10/28/2016,25.67,25.200001,24.84,,35.419998,22.799999,20.59,16.99
10/31/2016,26.32,25.07,24.5,,34.119999,22.6,20.4,16.93
11/1/2016,25.700001,24.85,24.16,,35.880001,22.469999,20.059999,16
11/2/2016,25.309999,24.58,24.549999,,34.150002,22.66,20.1,16
11/3/2016,25.01,24.67,23.9,,32.599998,22.379999,20.33,15.99
11/4/2016,24.98,24.700001,24.129999,,31.57,22.440001,20.68,15.2
11/7/2016,25.5,25.110001,23.370001,,30.52,23.08,20.790001,15.43
11/8/2016,25.450001,25.194,26.889999,,31.41,23.459999,21.030001,15.44
11/9/2016,25.02,26.167,28.92,,31.809999,23.33,19.799999,14.32
11/10/2016,24.450001,26.75,27.25,,31.5,23.049999,18.93,14.5
11/11/2016,24.379999,26.540001,28.27,,31.559999,23.5,18.9,14.58
11/14/2016,23.950001,26.98,28.200001,,31.389999,23.879999,19.610001,14.29
11/15/2016,23.950001,27.389999,32.450001,,34.73,23.85,19.84,14.48
11/16/2016,23.84,27.129999,32.779999,,37.049999,24,20.280001,14.61
11/17/2016,23.799999,27.259001,31.200001,,35.209999,23.6,20.93,15.26
11/18/2016,24.129999,27.33,34.689999,,36.880001,23.129999,21.49,16.299999
11/21/2016,24.370001,27.733,33.66,,36.799999,23.200001,21.5,15.89
11/22/2016,24.959999,27.76,33.110001,,37.389999,23.58,21,15.07
11/23/2016,24.610001,27.968,34.130001,,35.68,23.459999,21,15.32
11/25/2016,25.040001,27.851999,34,,35.07,23.75,21.09,15.9
11/28/2016,25.1,27.51,33.34,,33.849998,23.209999,21.139999,15.81
11/29/2016,25.08,27.296,34.09,,33.610001,23.299999,21.219999,15.63
11/30/2016,24,28.26,32,,33.919998,22.860001,20.99,15.13
12/1/2016,24.08,28.280001,27.6,,31.870001,22.629999,20.280001,14.61
12/2/2016,24.129999,28.27,27.77,,30.379999,23.32,19.98,13.83
12/5/2016,24.780001,28.629999,27.98,,30.73,23.690001,19.91,13.48
12/6/2016,24.6,28.91,27.5,,32.139999,24.120001,19.799999,13.58
12/7/2016,24.610001,29.26,27.1,,31.02,24.52,20.24,13.56
12/8/2016,24.77,29.540001,27.549999,,30.6,24.6,19.959999,14.46
12/9/2016,24.6,29.52,27.42,,29.34,25.459999,20.540001,14.13
12/12/2016,24.469999,29.18,26.120001,,29.23,25.370001,20.889999,13.36
12/13/2016,24.5,29.280001,25,,29.27,25.6,21.190001,12.83
12/14/2016,24.18,28.860001,25.280001,,29.51,25.549999,20.559999,13.17
12/15/2016,24.18,29.040001,28.639999,,29.65,26.110001,20.73,12.91
12/16/2016,24.43,28.889999,28.74,11.85,29.25,26.9,20.6,12.64
12/19/2016,24.6,28.9,28.629999,12.15,29.15,26.889999,20.719999,12.67
12/20/2016,24.610001,29.02,29.41,11.81,29.92,26.73,20.809999,13.09
12/21/2016,24.559999,29.011,28.540001,11.8,34.59,26.76,21.190001,13.16
12/22/2016,24.82,28.889999,28.950001,11.71,31.709999,26.940001,21.299999,12.91
12/23/2016,25.51,28.969999,28.469999,11.83,32.220001,26.940001,21.59,12.57
12/27/2016,25.120001,29.129999,28.6,11.7,32.610001,27,21.92,12.59
12/28/2016,24.76,28.68,27.209999,11.59,30.209999,26.950001,21.610001,12.31
12/29/2016,24.9,28.472,26.18,11.66,29.27,27.25,21.5,12.44
12/30/2016,25.309999,28.459999,26.559999,11.75,28.85,27.48,21.5,12.07
1/3/2017,25.15,28.799999,26.309999,12.14,26.5,27.540001,21.49,12.19
1/4/2017,25.799999,29.219999,28.120001,12.16,27.51,27.49,21.17,12.27
1/5/2017,25.700001,29.15,26.74,12.09,28.1,27.360001,21.6,12.97
1/6/2017,25.6,29.219999,27.709999,11.91,27.629999,27.07,21.469999,13.34
1/9/2017,25.48,28.959999,29.35,11.89,28.1,27.1,21.67,13
1/10/2017,25.379999,29.059,29.18,11.84,27.790001,26.959999,21.950001,13.53
1/11/2017,25,29.24,29.959999,11.8,27.940001,27.01,21.92,13.65
1/12/2017,25.07,29.040001,30.17,11.52,27.879999,26.65,21.99,13.26
1/13/2017,25.07,29.110001,30.459999,11.77,27.959999,26.5,22.360001,12.84
1/17/2017,25.08,28.889,30.049999,11.71,27.85,26.17,22.360001,12.92
1/18/2017,25,28.879999,28.17,11.65,27.59,26.379999,22.290001,13.21
1/19/2017,24.82,28.719999,28.280001,11.67,28.559999,25.77,21.940001,13.57
1/20/2017,25.01,28.832001,28.35,11.5,28.379999,26.07,22.059999,13.6
1/23/2017,25.049999,28.77,30.049999,11.41,28.5,25.780001,21.889999,13.46
1/24/2017,25.23,29.309999,30.18,11.23,28.73,25.940001,22.18,13.29
1/25/2017,25.299999,29.559999,31.66,11.53,29.049999,26.26,22.4,12.89
1/26/2017,25.08,29.559999,30.26,11.34,29.85,26.57,22.49,12.31
1/27/2017,25.309999,29.43,30.309999,11.12,29.440001,26.790001,23.66,12.42
1/30/2017,25.530001,29.02,29.219999,11.35,29.01,27.16,23.65,12.34
1/31/2017,25.82,28.92,30.27,11.6,28.83,27.200001,23.15,12.47
2/1/2017,25.75,29.030001,29.01,11.48,30.049999,27.1,22.76,12.77
2/2/2017,25.889999,28.969999,29.309999,11.43,30.1,27.25,22.629999,12.53
2/3/2017,26.01,29.336,31.52,11.45,31.370001,27.27,23.059999,12.24
2/6/2017,25.67,29.16,31.02,11.55,31.82,26.98,23.379999,12.39
2/7/2017,25.610001,28.972,30.41,11.48,30.959999,27.01,23.209999,12.64
2/8/2017,25.610001,28.879999,31.65,11.44,31.440001,26.83,23.34,12.58
2/9/2017,25.5,29.299999,32,11.51,32.810001,27.24,23.25,12.26
2/10/2017,25.48,29.51,32.130001,12.38,31.959999,27.469999,23.4,12.41
2/13/2017,25.66,29.660999,32.200001,13.03,34.900002,27.5,23.85,13.04
2/14/2017,25.629999,29.870001,32.139999,13.52,33.650002,27.190001,23.870001,13.08
2/15/2017,25.639999,30.01,33.099998,13.3,33.419998,27.200001,23.719999,14.27
2/16/2017,25.6,29.719999,31.959999,13.57,33.169998,26.950001,23.74,13.99
2/17/2017,25.57,29.68,31.469999,13.86,32.349998,27.620001,23.360001,14.01
2/21/2017,25.540001,29.9,31.809999,13.29,31.959999,27.629999,23.23,14.23
2/22/2017,25.299999,29.639999,30.84,13.03,32.16,27.809999,22.879999,14.42
2/23/2017,25.42,29.51,30.15,12.98,31.67,27.629999,22.799999,14.11
2/24/2017,25.360001,29.280001,29.82,12.85,32.259998,27.83,22.700001,14.15
2/27/2017,25.450001,29.58,30.120001,12.06,32.639999,27.860001,22.6,14.57
2/28/2017,25.42,29.360001,29.99,11.71,31.719999,27.549999,22.42,12.89
3/1/2017,25.27,30,30.73,11.54,32.32,27.620001,23.139999,13.1
3/2/2017,25.41,29.950001,31.120001,11.73,31.030001,27.559999,22.870001,13
3/3/2017,25.98,29.85,23,12.34,29.809999,27.530001,22.879999,13.02
3/6/2017,26.030001,29.790001,21.309999,12.08,30.889999,27.49,22.389999,12.96
3/7/2017,25.889999,29.75,21.389999,11.94,30.74,27.309999,22.450001,12.29
3/8/2017,25.49,29.559999,21.200001,12.15,31.08,27.34,22.309999,12.19
3/9/2017,25.58,29.6,21.49,11.96,31.32,27.440001,22.24,11.57
3/10/2017,25.77,29.75,21.299999,12.48,31.23,27.26,22.32,11.23
3/13/2017,25.66,29.76,20.73,12.23,32.07,26.92,22.809999,11.96
3/14/2017,25.49,29.73,20.559999,12.03,31.07,27.02,22.6,12.45
3/15/2017,25.82,30.040001,20.27,12,31.299999,26.92,22.83,13.1
3/16/2017,25.83,29.91,20.6,11.94,31.41,26.950001,22.969999,12.88
3/17/2017,26.309999,29.99,20.41,12.13,31.030001,26.940001,24.030001,12.69
3/20/2017,26.129999,29.969999,20.32,12.16,31.200001,26.77,23.700001,12.79
3/21/2017,25.92,29.834999,19.809999,12.31,29.6,26.67,23.360001,12.5
3/22/2017,26.07,29.85,19.67,12.5,29.17,26.92,23.75,12.5
3/23/2017,26.139999,29.85,19.370001,12.25,29.049999,27.1,23.76,12.45
3/24/2017,26.280001,29.68,19.5,12.18,29.190001,27.4,23.84,12.67
3/27/2017,26.32,29.65,19.780001,12.24,29.629999,27.370001,23.93,12.63
3/28/2017,26.66,29.77,19.92,12.28,29.27,27.67,24.02,12.88
3/29/2017,26.42,29.677999,18.77,12.77,28.780001,27.540001,24.040001,13.27
3/30/2017,26.379999,29.709999,19.15,12.88,28.620001,27.780001,24.41,13.01
3/31/2017,27.049999,29.68,18.77,13.03,28.870001,27.98,24.549999,13.09
4/3/2017,26.940001,29.58,18.15,12.96,28.690001,27.709999,24.66,12.3
4/4/2017,27.26,29.6,17.65,13.02,27.27,27.6,24.02,12.41
4/5/2017,27.379999,29.6,17.459999,12.81,26.93,27.57,24.139999,12.4
4/6/2017,27.639999,29.65,18.280001,13.02,26.93,27.58,24.030001,12.06
4/7/2017,27.870001,29.549999,18.629999,13.13,28.17,27.559999,23.940001,11.97
4/10/2017,27.85,29.67,18.58,13.02,28.469999,27.860001,23.75,12.39
4/11/2017,27.92,29.700001,18.08,12.93,29.35,27.59,23.83,12.63
4/12/2017,27.92,29.68,17.690001,13.04,29.559999,27.58,23.799999,12.56
4/13/2017,27.99,29.549999,17.209999,12.76,30.290001,27.379999,23.48,12.63
4/17/2017,28.27,29.77,17.190001,13.23,30.799999,27.209999,23.6,13.02
4/18/2017,28.41,29.799999,17.15,13.95,30.799999,27.26,23.6,12.65
4/19/2017,28.209999,29.690001,16.440001,13.99,31.76,27.290001,23.559999,12.76
4/20/2017,28.450001,29.809999,16.42,14.48,31.629999,27.700001,23.24,12.82
4/21/2017,28.4,29.799999,16.280001,14.33,30.82,27.530001,22.610001,13.01
4/24/2017,28.129999,30.02,16.08,15.02,30.93,27.6,22.82,13.08
4/25/2017,27.98,30.09,16.299999,14.99,31.93,27.75,23.280001,13.23
4/26/2017,28.200001,30.040001,15.7,15.08,32.240002,28.02,22.75,13.41
4/27/2017,28.58,30.040001,15.63,15.22,32.84,28.459999,22.280001,13.59
4/28/2017,28.620001,29.91,15.19,17.120001,33.049999,28.200001,22.25,13.93
5/1/2017,28.620001,29.84,14.46,18.040001,34.389999,28.34,22.299999,13.5
5/2/2017,28.700001,29.809999,15.82,18.4,33.939999,28.33,22.719999,14.01
5/3/2017,28.24,29.83,15.3,17.389999,25.01,28.33,22.43,13.7
5/4/2017,28.08,30.01,15.43,17.190001,24.959999,28.51,22.450001,13.84
5/5/2017,28.620001,30.16,16.290001,17.01,23.969999,28.99,23.030001,13.82
5/8/2017,28.27,30.030001,16.6,17.09,23.84,28.690001,23.24,14.11
5/9/2017,27.809999,29.962999,16.27,18.440001,23.17,28.799999,23.379999,14.55
5/10/2017,27.889999,30,16.74,18.639999,23.450001,28,23.610001,14.03
5/11/2017,27.75,29.907,16.41,18.299999,23.299999,28.389999,23.02,14.08
5/12/2017,27.66,29.903999,16.360001,17.83,24,28.6,22.65,14.6
5/15/2017,27.700001,30.01,17,19.959999,24.299999,28.790001,22.959999,14.35
5/16/2017,27.73,29.91,16.940001,20.51,24.879999,28.92,23.51,14.27
5/17/2017,27.91,29.790001,16.15,19.32,24.809999,28.73,23.110001,14.05
5/18/2017,28.280001,29.879999,16,19.58,24.370001,28.620001,22.950001,13.3
5/19/2017,28.219999,30.040001,16,19.01,25.16,28.6,22.610001,14
5/22/2017,28.459999,30.24,17.5,18.5,24.959999,29.360001,22.309999,14.49
5/23/2017,28.120001,30.278999,17.02,18.299999,25.559999,29.450001,22.43,14.44
5/24/2017,27.959999,30.440001,17.450001,19.379999,26.049999,29.379999,22.26,14.5
5/25/2017,27.9,30.58,17.57,19.35,25,29.540001,22.139999,14.26
5/26/2017,27.99,30.629999,19.59,19.370001,25.01,29.809999,22.23,14.33
5/30/2017,28,30.674999,18.139999,19.120001,24.5,29.92,22.059999,14.14
5/31/2017,28.15,30.780001,18.65,18.82,24.309999,29.959999,22.370001,14.29
6/1/2017,28.219999,30.931999,18.58,19,24.15,30.57,22.66,14.69
6/2/2017,28.040001,31.08,18.58,19.200001,24.85,30.389999,22.41,14.59
6/5/2017,27.99,31.01,18.67,18.66,24.950001,30.23,22.15,14.65
6/6/2017,27.59,30.9,18.440001,18.629999,25.540001,30.1,22.16,14.6
6/7/2017,28.1,30.940001,18.6,19.18,25.25,30,22.66,14.76
6/8/2017,28.57,30.799999,17.879999,19.129999,25.49,29.700001,22.76,14.47
6/9/2017,28.629999,30.860001,17.48,18.799999,24.639999,29.799999,23.15,14.53
6/12/2017,28.610001,30.837999,17.280001,18.459999,24.77,29.280001,23.629999,14.65
6/13/2017,28.719999,30.996,17.950001,18.799999,25.49,29.6,23.76,14.89
6/14/2017,28.780001,31.1,17.440001,18.51,25.709999,29.780001,23.85,14.79
6/15/2017,28.950001,31.190001,17.459999,18.49,25.85,29.35,23.57,14.21
6/16/2017,29.049999,31.209999,17.665001,18.299999,26.870001,28.49,23.66,14.32
6/19/2017,29.23,31.299999,18.360001,18.99,28.370001,28.200001,23.559999,14.3
6/20/2017,29.24,31.15,18.25,18.85,27.690001,27.879999,23.360001,14.16
6/21/2017,29.15,31.01,18.34,19.4,28.32,27.950001,23.540001,14
6/22/2017,28.959999,30.98,18.5,19.91,28.75,27.6,23.84,14.26
6/23/2017,29.379999,30.872,19.309999,20.860001,29.709999,26.67,23.9,14.34
6/26/2017,29.530001,30.868999,19.75,20.549999,28.940001,27.16,24.18,14.44
6/27/2017,29.58,30.66,18.639999,20.389999,28.6,26.959999,23.790001,13.93
6/28/2017,29.6,30.77,20.360001,20.950001,29.5,27.219999,24.01,14.01
6/29/2017,28.879999,30.43,19.93,22.77,29,26.799999,23.59,14.03
6/30/2017,29.190001,30.58,20.15,23.66,29.110001,27.219999,23.719999,13.96
7/3/2017,28.530001,30.51,19.24,20.790001,28.969999,26.91,23.43,14.16
7/5/2017,28.26,30.51,19.5,22.030001,29.07,26.83,23.200001,14.67
7/6/2017,28.35,30.294001,18.690001,22.32,28.309999,26.48,22.969999,14.69
7/7/2017,29.040001,30.450001,19.120001,22.09,28.43,26.780001,22.77,14.45
7/10/2017,28.389999,30.405001,19.16,21.549999,28.75,26.709999,22.700001,14.78
7/11/2017,28.700001,30.379999,19.120001,21.719999,29.32,27,22.91,15.01
7/12/2017,28.469999,30.530001,19.530001,22.18,29.459999,27.370001,23.129999,15.3
7/13/2017,28.559999,30.540001,20.27,22.73,29.48,27.59,23.02,15.64
7/14/2017,28.41,30.66,22.120001,22.58,29.23,27.9,22.879999,15.94
7/17/2017,28.629999,30.65,22.75,22.309999,30.450001,27.969999,22.57,15.05
7/18/2017,28.530001,30.690001,23.57,23.719999,30.41,27.780001,22.6,15.26
7/19/2017,28.969999,30.790001,24.41,24.07,31.49,28,23.01,15.56
7/20/2017,28.790001,30.82,24.049999,23.209999,31.059999,27.84,23.15,15.68
7/21/2017,28.940001,30.83,23.73,22.639999,30.93,28.129999,23.15,15.04
7/24/2017,29.25,30.768,23.360001,22.629999,30.99,28.219999,22.98,15.24
7/25/2017,29.450001,30.76,23.73,23.02,31.4,28.32,23.200001,15.11
7/26/2017,29.879999,30.75,22.969999,23.27,31.5,28.280001,22.950001,15.25
7/27/2017,29.57,30.826,21.82,23.52,30.15,28.129999,22.73,14.95
7/28/2017,29.549999,30.860001,21.74,22.719999,29.91,28.09,22.709999,14.71
7/31/2017,29.93,30.937,21.245001,21.27,29.17,28.15,22.67,14.98
8/1/2017,29.99,30.98,21.440001,21.280001,28.99,28.209999,22.719999,14.6
8/2/2017,29.879999,30.959999,21.190001,21.389999,28.4,28.389999,22.799999,14.25
8/3/2017,29.620001,31.059999,20.99,21.4,28.85,28.200001,22.33,14.42
8/4/2017,29.469999,31,21.42,17.42,29.209999,28.389999,22.32,14.59
8/7/2017,29.91,31.051001,22.16,17.219999,30.530001,28.469999,22.309999,15.03
8/8/2017,29.76,30.959999,21.93,16.6,33.580002,28.610001,22.309999,14.92
8/9/2017,29.85,31.01,21.91,16.629999,33,27.299999,22.32,14.32
8/10/2017,29.75,30.85,20.700001,16.08,30.280001,26.959999,22.139999,14.07
8/11/2017,29.82,30.780001,21.48,16.41,31.379999,26.790001,22.129999,13.25
8/14/2017,30.23,31.059999,22.059999,16.440001,31.41,26.77,22.290001,13.67
8/15/2017,30.450001,31.131001,21.32,16.32,31,26.75,22.02,13.62
8/16/2017,30.83,31.242001,21.73,15.9,31.059999,26.83,22.139999,13.45
8/17/2017,30.6,30.940001,21.84,15.22,30.32,26.709999,21.85,13.36
8/18/2017,30.17,30.882,21.91,15.12,29.91,26.620001,21.549999,13.73
8/21/2017,30.450001,30.937,21.559999,15.1,29.209999,26.639999,21.35,13.9
8/22/2017,30.440001,31.129999,21.85,15.59,29.049999,27.23,21.58,14.01
8/23/2017,30.219999,31.1,21.73,15.45,28.98,27.32,21.43,13.14
8/24/2017,30.32,30.969999,21.9,15.26,29.32,27.110001,21.25,13.57
8/25/2017,30.43,31.059999,21.950001,14.8,28.93,27.4,21.379999,13.49
8/28/2017,30.24,30.988001,22.200001,14.77,28.59,27.08,21.450001,13.29
8/29/2017,30.17,31.044001,22.190001,14.86,28.99,26.950001,21.299999,13.43
8/30/2017,30.200001,31.049999,21.9,15.54,29.23,27.299999,21.35,13.61
8/31/2017,30.6,31.120001,22,15.5,29.280001,27.450001,21.290001,13.65
9/1/2017,30.67,31.125,22,15.51,28.959999,27.76,21.41,13.8
9/5/2017,30.700001,30.889999,21.299999,14.935,29.35,27.440001,21.17,13.54
9/6/2017,30.98,30.959999,22.48,12.49,29.879999,27.26,21.24,13.9
9/7/2017,31.09,30.917,22.16,11.51,29.73,27.290001,21.860001,13.91
9/8/2017,31.219999,31.117001,21.73,10.96,29.77,27.1,22.049999,13.9
9/11/2017,31.68,31.438999,22.049999,11.4,30.65,27.15,22.219999,14.29
9/12/2017,31.059999,31.360001,21.950001,11.44,30.23,27.700001,22.33,14.29
9/13/2017,31.09,31.294001,21.49,11.2,30.620001,28.01,22.299999,14.21
9/14/2017,30.51,31.285,21.610001,11.14,31.040001,27.07,22.690001,14.93
9/15/2017,30.73,31.361,21.559999,11.1,30.879999,27.190001,22.49,15.07
9/18/2017,30.85,31.389999,22.73,11.1,31.139999,27.35,22.73,14.89
9/19/2017,30.870001,31.4,22,10.99,31.040001,27.25,23.120001,15.17
9/20/2017,30.82,31.43,23,10.89,30.51,27.299999,22.860001,14.99
9/21/2017,30.780001,31.34,23.459999,10.74,30.5,27.01,22.91,14.96
9/22/2017,30.77,31.32,24.5,10.7,30.83,26.83,23.200001,14.84
9/25/2017,31.01,31.200001,23.18,10.98,29.469999,26.68,23.27,14.64
9/26/2017,31.07,31.17,23.49,11.21,27.52,26.969999,23.389999,14.24
9/27/2017,30.719999,31.18,23.129999,10.97,29.139999,26.9,23.4,14.29
9/28/2017,30.18,31.197001,22.43,10.93,29.68,26.809999,23.59,14.01
9/29/2017,30.209999,31.27,22.389999,10.85,29.85,26.700001,23.450001,14.04
10/2/2017,29.870001,31.389999,23.51,10.81,30.870001,26.6,23.700001,14.29
10/3/2017,29.610001,31.559999,23.17,10.96,31.57,26.5,23.860001,13.81
10/4/2017,29.870001,31.57,22.85,11.46,31.370001,26.76,23.9,13.48
10/5/2017,29.92,31.639999,23.200001,11.17,32.16,27.110001,24.139999,13.84
10/6/2017,30.02,31.559999,23.139999,11.24,32.349998,27.129999,24.139999,13.61
10/9/2017,29.879999,31.620001,23.309999,10.89,32.23,26.91,24.15,13.58
10/10/2017,29.809999,31.657,25.610001,10.85,32.130001,27.059999,24.16,14.34
10/11/2017,29.700001,31.639999,26.66,10.6,32.669998,27.059999,24.1,15.08
10/12/2017,29.620001,31.610001,25.809999,10.75,32.119999,27,23.93,15.56
10/13/2017,29.190001,31.705,26.620001,10.9,32.580002,26.959999,24.07,15.63
10/16/2017,29.16,31.865,26.540001,10.96,31.940001,27.290001,24.030001,15.29
10/17/2017,29.41,31.674999,26.309999,10.81,31.74,27.33,24.049999,14.96
10/18/2017,29.08,31.778,26.280001,10.81,31.610001,27.139999,23.870001,15.41
10/19/2017,29.4,31.700001,26.34,10.82,31.440001,27.4,24,15.33
10/20/2017,29.25,31.959999,26.67,10.89,32.619999,27.57,24.030001,15.6
10/23/2017,29.049999,31.858999,26.459999,10.64,31.85,27.52,24,15.38
10/24/2017,29.299999,32.051998,27.950001,10.76,31.9,27.41,24.24,15.57
10/25/2017,29.190001,31.605,27.23,8.34,31.27,27.200001,24.15,15.63
10/26/2017,29.139999,31.73,27.799999,7.93,31.389999,27.18,24.040001,15.54
10/27/2017,29.450001,31.719999,27.889999,7.57,31.99,27.139999,24,15.73
10/30/2017,29.200001,31.65,28.280001,7.42,31.879999,26.99,23.700001,15.93
10/31/2017,29.51,31.75,28.5,7.31,31.950001,27.280001,24.02,15.99
11/1/2017,29.75,31.709999,27.58,7.4,31.51,27.49,23.870001,16.92
11/2/2017,29.5,31.83,27.450001,8.67,30.34,27.59,23.809999,16.709999
11/3/2017,29.42,31.85,27.33,8.2,30.24,27.639999,23.84,16.58
11/6/2017,29.610001,31.789,28.48,8.02,29.879999,26.959999,23.91,17.190001
11/7/2017,29.73,31.940001,28.16,7.38,28.379999,26.040001,23.790001,17.110001
11/8/2017,29.68,32.02,28.030001,7.56,27.83,26.67,23.639999,17.389999
11/9/2017,29.639999,31.955,28.620001,7.55,25.93,26.65,23.700001,17.469999
11/10/2017,29.450001,31.98,28.870001,7.48,25.549999,26.6,23.040001,17.610001
11/13/2017,29.620001,32.049999,28.870001,7.22,26.4,26.58,23.08,16.92
11/14/2017,29.75,32.209999,28.299999,7.19,25.82,26.809999,23.26,16.559999
11/15/2017,29.27,32.022999,29.110001,7.24,25.290001,26.459999,23.799999,16.73
11/16/2017,29.15,32.16,29.16,7.36,26.110001,26.9,24.870001,16.860001
11/17/2017,29.32,32.02,29.299999,7.38,25.68,27.450001,24.469999,16.83
11/20/2017,29.57,32.055,29.700001,7.17,26.07,27.459999,24.370001,17
11/21/2017,29.540001,32.25,30.200001,7.08,25.91,27.26,24.42,17.040001
11/22/2017,29.389999,32.16,33.18,7.07,26.129999,27.389999,24.51,17.01
11/24/2017,29.66,32.09,34.299999,7.14,26.290001,27.5,24.120001,16.469999
11/27/2017,29.34,32.268002,34.639999,7.37,25.82,27.290001,23.83,16.200001
11/28/2017,28.9,32.549,34.630001,7.15,26.42,27.629999,24.16,16
11/29/2017,29.07,32.630001,32.52,6.99,26.23,28.32,24.35,15.91
11/30/2017,29.280001,32.860001,32.799999,6.85,26.66,29.120001,24.66,16.059999
12/1/2017,29.24,32.764999,36.060001,6.64,26.07,29.309999,24.58,16
12/4/2017,28.93,32.807999,34.040001,6.47,25.709999,30.1,24.43,15.83
12/5/2017,29.01,32.52,34.099998,6.77,24.99,30.18,24.15,15.61
12/6/2017,28.84,32.619999,35.299999,6.6,24.07,30.110001,24.459999,15.77
12/7/2017,29.02,32.634998,34.779999,6.65,24.799999,30.620001,24.530001,16.02
12/8/2017,29.049999,32.740002,35.060001,6.6,24.74,31,24.57,15.28
12/11/2017,29.040001,32.744999,35.990002,6.96,24.82,30.950001,24.52,15.52
12/12/2017,29.040001,32.719002,34.709999,7.11,25.139999,30.52,24.52,14.91
12/13/2017,29.15,32.689999,35.34,6.82,25.33,30.790001,24.51,14.98
12/14/2017,29.1,32.610001,35.450001,6.7,25.17,30.299999,24.51,15.1
12/15/2017,29.02,32.810001,36,6.99,25.379999,30.389999,24.48,14.95
12/18/2017,29.290001,32.830002,36.57,6.96,25.4,30.940001,24.530001,14.7
12/19/2017,28.74,32.639999,36.040001,7.11,25.01,30.700001,24.530001,14.99
12/20/2017,28.280001,32.540001,35.34,7.17,25.09,30.9,24.1,15.65
12/21/2017,28.49,32.398998,35.060001,6.96,24.33,30.92,24.49,15.88
12/22/2017,29.01,32.255001,34.84,6.95,24.809999,31.27,24.540001,15.92
12/26/2017,29.129999,32.279999,35.93,6.91,24.719999,31.620001,24.530001,15.93
12/27/2017,29.280001,32.299999,35.560001,6.92,24.51,31.6,24.6,15.92
12/28/2017,29.01,32.421001,35.860001,6.96,24.379999,31.76,24.75,15.91
12/29/2017,29.15,32.380001,35.279999,6.84,23.6,31.93,25.059999,15.85
1/2/2018,28.68,32.189999,35.950001,7.01,25.1,32.040001,25.25,16.42
1/3/2018,28.290001,32.389999,36.77,7.31,25.690001,32,25.23,16.309999
1/4/2018,28.540001,32.595001,36.240002,7.56,25.68,32.23,25.4,16.120001
1/5/2018,28.719999,32.695,36.91,7.24,25.76,32.860001,24.93,16.049999
1/8/2018,28.620001,32.77,38.41,7.29,26.17,32.110001,25.049999,15.7
1/9/2018,28.83,32.860001,37.279999,7.27,25.75,32.189999,24.709999,15.74
1/10/2018,28.780001,32.915001,37.02,7.23,25.639999,32.09,25,15.36
1/11/2018,28.690001,33.439999,37.950001,8.2,26.030001,32.099998,25.23,15.88
1/12/2018,28.540001,33.799999,37.84,8.09,26.16,32.450001,24.940001,15.76
1/16/2018,29.5,33.509998,36.009998,7.49,25.33,32.400002,24.950001,15.94
1/17/2018,29.07,33.810001,36.73,7.42,25.4,32.73,25.02,16.68
1/18/2018,28.629999,33.707001,36.189999,7.41,25.68,32.849998,24.83,16.5
1/19/2018,28.25,33.990002,35.93,7.49,25.709999,33.150002,24.99,16.49
1/22/2018,28,34.07,35.91,7.84,26.24,33.5,25,16.209999
1/23/2018,28.389999,34.330002,37.490002,7.65,26.629999,32.889999,24.99,16.49
1/24/2018,28.51,34.220001,36.400002,7.66,26.91,33.32,24.879999,16.74
1/25/2018,28.200001,33.893002,33.209999,8.55,26.52,33.669998,24.959999,16.1
1/26/2018,28.610001,34.279999,32.990002,8.98,26.530001,33.82,24.99,15.84
1/29/2018,28.26,34.279999,32.389999,8.42,26.389999,33.130001,24.940001,15.92
1/30/2018,28.1,33.59,32.049999,8.65,26.1,32.59,24.799999,15.83
1/31/2018,28.059999,33.689999,32.099998,8.15,26.24,32.130001,24.65,15.81
2/1/2018,28.35,33.630001,32.110001,7.88,26.059999,31.959999,24.67,16.040001
2/2/2018,27.860001,32.779999,31.26,7.9,25.549999,31.290001,24.15,15.56
2/5/2018,26.940001,31.386,30.34,8.2,24.440001,29.879999,23.719999,15.06
2/6/2018,26.93,31.82,31.23,8.09,24.639999,30.709999,23.620001,15.24
2/7/2018,26.67,31.870001,32.560001,8.31,24.360001,30.280001,23.6,15.16
2/8/2018,25.809999,30.527,31.24,7.86,23.91,29.24,22.959999,14.86
2/9/2018,26.33,30.709999,31.6,7.76,24.52,29.879999,23.18,14.94
2/12/2018,26.24,31.41,32.889999,7.82,25.790001,29.73,23.440001,14.98
2/13/2018,26.290001,31.440001,33.189999,7.75,26.440001,29.93,23.389999,15.35
2/14/2018,26.280001,32.165001,34.220001,8.18,30.719999,29.99,23.620001,15.57
2/15/2018,26.52,32.294998,34.82,8.06,32.130001,32.869999,23.530001,15.53
2/16/2018,26.6,32.34,34.470001,8.24,33.09,32.779999,23.370001,15.5
2/20/2018,26.4,32.389,34.790001,8.21,33.009998,31.959999,23.450001,15.37
2/21/2018,25.879999,32.23,34.830002,8.08,33.060001,32.290001,23.280001,15.24
2/22/2018,26,32.139999,34.849998,7.64,32.439999,32.200001,23.25,15.41
2/23/2018,26.639999,32.73,35.599998,8.06,33.52,32.849998,23.360001,15.56
2/26/2018,26.25,33.074001,36.540001,8.15,33.880001,33.34,23.5,15.65
2/27/2018,26.030001,32.77,35.93,7.96,34.439999,33.18,23.200001,15.36
2/28/2018,26.25,32.43,36.450001,7.83,34.16,33.389999,22.91,15.87
3/1/2018,26.299999,31.875,36.200001,7.87,34.959999,33.599998,22.67,16.309999
3/2/2018,26.18,32.349998,38.869999,7.9,37.330002,33.759998,22.9,15.93
3/5/2018,26.67,32.779999,42.029999,8.21,38.23,33.470001,22.99,15.96
3/6/2018,26.58,33.029999,44.130001,8.26,38.32,34.099998,23.309999,16.92
3/7/2018,26.67,33.139999,45.650002,8.45,39.23,34.080002,23.57,16.99
3/8/2018,26.51,33.110001,46.32,8.47,38.849998,34.240002,23.360001,17.389999
3/9/2018,26.549999,33.855,49.095001,8.63,39.509998,34.66,23.74,15.72
3/12/2018,26.67,33.848999,51.48,8.74,41.009998,34.200001,23.99,15.2
3/13/2018,26.690001,33.619999,53.040001,8.52,39.57,34.009998,23.98,15.28
3/14/2018,26.639999,33.366001,54.66,8.48,40.790001,33.57,23.59,15.23
3/15/2018,26.68,33.299999,54.41,8.35,40.779999,33.509998,23.27,15.33
3/16/2018,26.690001,33.43,53.740002,8.24,41.02,34.290001,23.02,15.44
3/19/2018,26.809999,32.98,53,7.75,40.310001,34.470001,22.5,15.5
3/20/2018,26.82,33.119999,53.849998,7.67,40.889999,34.599998,22.32,15.42
3/21/2018,26.77,33.25,53.43,7.82,41.299999,34.040001,22.950001,15.22
3/22/2018,26.639999,32.209999,52.869999,7.4,41.650002,33.349998,22.48,14.98
3/23/2018,26.15,31.35,49.919998,7.12,39.93,33.27,22.030001,14.76
3/26/2018,26.309999,32.32,51.889999,7.03,42.060001,33.560001,21.969999,15.03
3/27/2018,26.389999,31.59,47.360001,6.75,38.73,33.290001,21.76,14.71
3/28/2018,26.51,31.26,47.939999,6.72,37.43,32.939999,21.84,14.64
3/29/2018,26.540001,31.808001,49.110001,6.95,38.18,32.77,22.129999,14.99
4/2/2018,25.799999,30.85,47.66,6.7,36.650002,32.02,21.76,14.71
4/3/2018,26.049999,31.040001,48.619999,6.67,37.32,33.130001,22.219999,14.88
4/4/2018,26.040001,31.33,50.259998,6.5,38.290001,33.860001,22.35,14.78
4/5/2018,26.75,31.549999,51.810001,6.37,38.09,33.5,22.23,15.15
4/6/2018,26.440001,31.025999,49.84,6.58,37.040001,33.189999,22.09,14.9
4/9/2018,26.790001,31.09,49.529999,6.39,36.869999,33.25,21.950001,14.96
4/10/2018,26.85,31.190001,52.299999,6.74,38.209999,33.700001,21.93,15.08
4/11/2018,27.190001,31.110001,52.290001,6.74,38.970001,33.209999,21.9,15.52
4/12/2018,27.24,31.129999,53.490002,6.82,39.700001,33.700001,21.950001,15.65
4/13/2018,27.209999,31.190001,53.779999,6.61,39.209999,33.889999,21.690001,15.92
4/16/2018,27.66,31.440001,53.41,6.59,39.509998,34.439999,21.93,15.81
4/17/2018,28.15,31.639999,55.330002,6.64,41.169998,35.029999,22.24,16.08
4/18/2018,28.25,31.690001,55.509998,6.61,42.34,34.610001,22.110001,16.26
4/19/2018,28.120001,31.49,55.150002,6.47,42.110001,34.23,21.18,16.26
4/20/2018,27.709999,31.309999,54.029999,6.46,41.220001,34.099998,20.85,16.48
4/23/2018,27.860001,31.25,53.860001,6.55,41.400002,33.849998,21,16.68
4/24/2018,27.879999,30.98,52.509998,6.38,40.619999,34.189999,20.73,16.379999
4/25/2018,27.77,30.879999,50.610001,4.71,41.279999,34.5,20.780001,16.01
4/26/2018,27.799999,31.24,52.150002,4.51,42.389999,34.849998,20.700001,16.16
4/27/2018,27.91,31.280001,49.59,4.62,41.650002,34.790001,20.530001,16.34
4/30/2018,27.969999,31.110001,50.59,4.46,42.209999,34.18,20.280001,16.5
5/1/2018,28.139999,31.049999,51.91,4.31,42.549999,34.189999,20.26,16.610001
5/2/2018,28.110001,30.82,52.099998,4.56,43.220001,33.939999,20.02,16.459999
5/3/2018,27.879999,30.870001,52.709999,4.63,43.709999,33.310001,20.950001,16.68
5/4/2018,27.969999,31.09,54.389999,4.61,43.5,33.529999,21.530001,16.700001
5/7/2018,28.049999,31.110001,55.720001,4.75,44.09,33.720001,21.549999,16.719999
5/8/2018,28.08,30.950001,57.150002,4.64,44.349998,33.25,21.299999,17.059999
5/9/2018,28.17,31.066,58.5,5.01,52.41,34.27,21.17,16.799999
5/10/2018,28.5,31.379999,59.130001,4.86,54.91,34.169998,21.01,16.9
5/11/2018,28.34,31.379999,59.099998,4.76,53.580002,34.080002,20.889999,16.950001
5/14/2018,28.66,31.32,57.330002,4.65,52.52,34.07,20.93,17.190001
5/15/2018,28.42,31.120001,57.189999,4.57,53.130001,34.959999,20.75,17.32
5/16/2018,28.6,31.059999,57.349998,4.67,53.720001,35.279999,20.940001,17.4
5/17/2018,28.41,30.93,58.299999,4.78,53.73,35.869999,21.309999,17.459999
5/18/2018,28.51,31.030001,58.240002,4.92,55.139999,35.84,21.360001,17.6
5/21/2018,28.68,31.17,56.669998,4.93,55.240002,35.630001,21.139999,17.790001
5/22/2018,28.67,31.15,56.400002,4.74,53.93,35.43,21.190001,17.889999
5/23/2018,29.370001,31.26,56.279999,4.76,52.540001,35.25,20.76,17.9
5/24/2018,29.35,31.35,55.360001,4.8,53.220001,35.720001,20.799999,18.42
5/25/2018,29.379999,31.33,52.5,4.8,53.25,35.77,20.790001,19.299999
5/29/2018,29.690001,31.08,51.93,4.72,53.970001,35.560001,20.67,20.82
5/30/2018,30.01,31.469999,54.389999,4.7,54.029999,36.110001,20.68,20.530001
5/31/2018,29.68,31.266001,53.450001,4.64,53.970001,35.68,20.440001,20.59
6/1/2018,29.77,31.389999,56.720001,5.3,57.48,36.450001,20.66,20.709999
6/4/2018,30.049999,31.280001,56.990002,5.05,57.470001,36.790001,20.84,20.620001
6/5/2018,29.940001,31.41,57.02,5.31,57.48,37.439999,20.98,20.48
6/6/2018,30.16,31.77,56.200001,5.15,58.720001,37.549999,20.959999,21.33
6/7/2018,30.34,31.65,55.849998,5.2,56.400002,37.169998,20.91,20.709999
6/8/2018,30.309999,31.66,56.189999,5.2,58.060001,37.259998,20.9,21.040001
6/11/2018,30.32,31.73,56.360001,5.25,58.119999,36.970001,20.98,21.389999
6/12/2018,30.530001,31.809999,60.650002,5.24,59.970001,36.82,20.93,21.49
6/13/2018,30.040001,31.73,63.5,5.19,59.560001,37.110001,20.84,21.49
6/14/2018,30.4,31.799999,62.580002,5.15,59,37.279999,20.9,21.4
6/15/2018,30.370001,31.629999,61.889999,4.97,59.950001,37.599998,20.559999,21.15
6/18/2018,30.459999,31.66,63.709999,5,61.610001,37.310001,20.57,21.299999
6/19/2018,30.5,31.370001,61.549999,5.05,59.799999,37.650002,20.530001,20.299999
6/20/2018,30.959999,31.5,59.860001,5,59.52,37.77,21.27,20.35
6/21/2018,31.110001,31.18,58.43,4.85,56.959999,37.93,21.02,19.620001
6/22/2018,31.35,31.17,54.34,4.71,55.25,38.220001,21.299999,19.360001
6/25/2018,31.35,30.440001,51.639999,4.58,54.470001,37.950001,20.9,19.24
6/26/2018,31.25,30.299999,51.970001,4.73,57.299999,38.299999,21.120001,19.99
6/27/2018,30.91,30.040001,50.09,4.56,54.299999,37.990002,21.219999,19.799999
6/28/2018,30.85,30.120001,51.91,4.61,55.84,37.919998,21.280001,19.870001
6/29/2018,30.459999,30.25,51.57,4.54,56.02,37.82,21.57,20
7/2/2018,30.08,30.23,52.32,4.53,56.849998,37.970001,21.120001,20.42
7/3/2018,30.290001,30.252001,51.904999,4.6,56.169998,37.869999,21.190001,20.219999
7/5/2018,30.23,30.459999,52.549999,4.57,57,38.18,21.6,19.450001
7/6/2018,30.51,30.629999,53.75,4.48,58.470001,38.439999,21.57,19.66
7/9/2018,30.309999,30.424999,53.139999,4.49,58.790001,38.419998,21.790001,20.110001
7/10/2018,30.459999,30.700001,53.650002,4.46,58.689999,38.709999,21.92,20.459999
7/11/2018,30.620001,30.65,55.200001,4.7,58.73,38.779999,21.68,20.059999
7/12/2018,30.65,30.809999,57.32,4.77,61.400002,39.18,21.52,21.07
7/13/2018,30.77,30.809999,56.349998,4.64,61.139999,39.91,21.860001,20.610001
7/16/2018,30.4,30.74,56.540001,4.45,61.139999,39.75,21.73,22.43
7/17/2018,30.65,30.790001,57.509998,4.52,65,39.900002,21.940001,22.01
7/18/2018,30.700001,30.77,58.110001,4.48,63.959999,39.599998,21.950001,21.969999
7/19/2018,31.1,30.82,57.43,4.43,62.880001,39.959999,22.33,21
7/20/2018,30.98,30.73,56.48,4.45,62.66,40.099998,22.379999,21.27
7/23/2018,30.93,30.620001,56.060001,4.42,63.91,40.07,22.15,21.129999
7/24/2018,30.690001,30.709999,53.290001,4.3,62.060001,39.619999,22.25,20.940001
7/25/2018,30.690001,30.92,54.450001,4.39,64.139999,40.41,22.25,21.030001
7/26/2018,30.77,31.16,54.849998,4.12,64.029999,40.5,22.540001,20.67
7/27/2018,30.389999,31.030001,51.889999,4.14,60.709999,40.599998,22.51,20.09
7/30/2018,30.23,30.870001,48.880001,4.09,58,33.509998,22.370001,19.16
7/31/2018,30.299999,31.224001,48.889999,4.15,57.889999,33.810001,22.59,19.83
8/1/2018,29.98,31.129999,49.34,4.13,59.299999,32.91,22.43,19.82
8/2/2018,29.58,31.18,50.779999,4.1,62.25,33.139999,21,19.639999
8/3/2018,29.450001,31.389999,50.68,4.24,62,33.07,21.23,19.389999
8/6/2018,29.129999,31.415001,51.599998,4.24,63.27,33.130001,21.540001,18.959999
8/7/2018,28.540001,31.43,52.130001,4.66,75.099998,33.220001,21.110001,19.459999
8/8/2018,29.6,31.35,51.919998,4.58,73.870003,33.060001,21.360001,19.65
8/9/2018,29.629999,31.368,53.959999,4.41,77.919998,33.200001,21.200001,20.92
8/10/2018,29.34,31.200001,54.330002,4.31,77.489998,32.740002,21.1,21.129999
8/13/2018,29.280001,31.190001,53.77,4.26,74.169998,33.150002,21.01,21.07
8/14/2018,29.290001,31.280001,56,4.25,76.75,34.07,21.280001,19.35
8/15/2018,29.5,31.33,55.419998,4.32,74.629997,33.91,21.43,18.540001
8/16/2018,29.700001,31.59,55.66,4.49,75.699997,33.91,21.93,19.209999
8/17/2018,30.26,31.780001,53.59,4.42,77.489998,33.860001,21.940001,19.33
8/20/2018,30.35,31.77,52.93,4.33,78.050003,34.029999,21.959999,19.91
8/21/2018,30.450001,31.68,53.560001,4.35,75.790001,34.02,21.99,19.98
8/22/2018,30.49,31.49,55.259998,4.31,76.440002,34.080002,21.870001,19.15
8/23/2018,30.530001,31.549999,56.209999,4.27,80.550003,33.630001,21.59,19.25
8/24/2018,30.58,31.700001,56.970001,4.36,81.160004,33.639999,21.629999,19.52
8/27/2018,30.59,31.700001,59.599998,4.51,80.309998,32.709999,21.780001,19.9
8/28/2018,30.950001,31.719,60.549999,4.55,80.220001,32.349998,21.57,19.51
8/29/2018,30.98,31.84,61.130001,4.46,80.989998,32.110001,21.66,18.959999
8/30/2018,30.700001,31.74,60.82,4.69,79.989998,32.23,21.440001,18.1
8/31/2018,30.73,31.780001,56.32,4.83,80.660004,32.59,21.52,18.459999
9/4/2018,30.26,31.75,56.380001,4.83,87.110001,32.400002,21.459999,17.73
9/5/2018,30.219999,31.950001,53.09,4.58,81.709999,32.200001,21.549999,17.200001
9/6/2018,30.139999,32.105,51.41,4.48,80.5,31.85,21.889999,17.459999
9/7/2018,29.790001,31.93,51.330002,4.51,82.32,31.52,21.860001,17.690001
9/10/2018,29.66,32.060001,51.82,4.48,84.309998,31.799999,21.99,17.5
9/11/2018,29.35,32.034,52.290001,4.8,85.290001,31.889999,22,17.41
9/12/2018,29.450001,32.040001,51.48,4.76,85.010002,31.559999,22.18,17.32
9/13/2018,29.549999,32.169998,52.299999,4.66,85.309998,31.59,22.33,17.91
9/14/2018,29.66,32.09,52.5,4.79,87.279999,31.200001,20.719999,17.76
9/17/2018,30.040001,32.085999,46.43,4.87,84.410004,31.690001,21.41,17.139999
9/18/2018,30.030001,32.095001,49.650002,5.14,85.379997,31.68,21.49,17.18
9/19/2018,29.879999,31.91,46.669998,5.85,82.870003,31.42,21.469999,17.99
9/20/2018,29.82,32.099998,48.009998,5.83,84.830002,31.549999,21.75,17.969999
9/21/2018,29.32,32.099998,46.450001,6.02,83.730003,31.309999,21.68,17.969999
9/24/2018,29.16,31.83,42.400002,5.9,83.360001,30.98,21.469999,16.969999
9/25/2018,29.290001,31.48,43.119999,6.02,87.699997,30.74,21.59,16.959999
9/26/2018,29.23,31.24,42.240002,6.26,84.790001,30.99,21.59,17.200001
9/27/2018,29.02,31.371,42.59,6.21,85.720001,30.940001,21.620001,16.75
9/28/2018,29.49,31.506001,42.720001,6.16,86.279999,30.82,21.51,16.57
10/1/2018,29.32,31.459999,43.43,5.59,83.75,30.360001,20.799999,16.5
10/2/2018,29.290001,31.559999,41.810001,5.56,79.57,30.200001,20.93,16.209999
10/3/2018,29.02,31.35,43.25,5.76,80.900002,29.790001,21.01,16.16
10/4/2018,28.629999,31.367001,42.32,5.62,78.089996,29.959999,20.790001,15.91
10/5/2018,28.42,31.389999,42.580002,5.35,76.620003,29.690001,20.58,15.61
10/8/2018,28.93,31.59,40.279999,5.19,74.089996,29.9,20.57,15.35
10/9/2018,29.129999,31.559999,40.540001,5.04,74.330002,29.52,20.1,15.24
10/10/2018,28.66,30.950001,38.93,4.71,68.019997,29.1,19.58,14.95
10/11/2018,27.93,30.15,38.59,4.68,69.290001,28.299999,19.65,15.64
10/12/2018,27.77,30.280001,41.459999,4.77,75,28.440001,19.639999,16.24
10/15/2018,27.459999,30.290001,40.290001,4.74,76.129997,28.48,19.83,16.25
10/16/2018,27.75,30.75,42.310001,5.01,75.919998,29.25,20.049999,16.65
10/17/2018,28.040001,30.799999,42.290001,5.19,74.010002,29.879999,20.16,15.95
10/18/2018,28.02,30.690001,40.970001,4.84,71.730003,30.200001,19.92,15.38
10/19/2018,28.280001,30.91,38.759998,5.1,66.410004,30.690001,20.08,15.48
10/22/2018,27.93,30.610001,39.709999,5.06,69.230003,30.07,19.950001,15.85
10/23/2018,27.73,30.702,39.439999,4.97,69.68,29.799999,19.559999,15.33
10/24/2018,27.67,30.49,37.439999,5.52,63.98,29.719999,19.15,15.15
10/25/2018,28.08,30.601,38.259998,6.2,67.349998,29.32,19.51,15.56
10/26/2018,27.41,30.209999,35.950001,6.55,65.849998,28.870001,19.620001,15.48
10/29/2018,27.57,30.309999,37.07,6.5,65.980003,28.43,19.74,15.27
10/30/2018,27.74,30.65,39.349998,7.15,69.839996,29.610001,20.129999,15.42
10/31/2018,28.290001,30.690001,41.509998,7.04,75.220001,29.17,19.92,16.219999
11/1/2018,28.24,30.711,43.349998,7.23,76.629997,29.5,20.41,16.799999
11/2/2018,27.959999,30.562,43.09,7.44,74.32,29.219999,20.4,16.67
11/5/2018,27.99,30.872999,42.389999,7.35,71.769997,27.99,20.790001,16.25
11/6/2018,27.879999,31,44.41,7.46,71.019997,31.629999,19.049999,16.49
11/7/2018,28.549999,31.504,45.73,7.2,96.190002,31.75,20.02,16.68
11/8/2018,28.639999,31.629999,45.650002,7.2,91.949997,31.799999,20.76,16.83
11/9/2018,28.129999,31.57,43.57,7,92.230003,31.5,20.120001,15.97
11/12/2018,27.51,31.49,41.639999,6.81,83.339996,31.459999,19.6,15.67
11/13/2018,27.379999,31.5,41.52,6.54,85.099998,31.610001,19.73,15.82
11/14/2018,27.190001,31.406,41.439999,6.62,83.959999,32.18,19.809999,16.08
11/15/2018,27.139999,31.469999,42.650002,6.3,89.779999,32.27,20.200001,16.879999
11/16/2018,26.98,31.719999,42.119999,6.08,89.169998,32,20.41,16.969999
11/19/2018,26.73,31.629999,38.799999,5.82,76.900002,32.02,20.370001,16.129999
11/20/2018,26.42,31.379999,38.18,5.92,75.889999,32.27,20.290001,16.09
11/21/2018,26.860001,31.190001,39.349998,5.8,76.959999,32.009998,20.139999,16.290001
11/23/2018,26.459999,31.18,39.950001,5.8,80.620003,32.610001,20.33,16.48
11/26/2018,27.17,31.246,41.720001,6.2,87.410004,32.889999,20.57,16.6
11/27/2018,27.540001,31.360001,40.970001,6.14,86.519997,32.369999,20.32,16.6
11/28/2018,28.02,31.66,43.105,6.36,91.809998,32.630001,20.719999,17.1
11/29/2018,28.35,31.82,43.84,6.47,92.480003,32.509998,20.389999,16.93
11/30/2018,28.49,32.009998,44.709999,6.17,94.489998,33.18,21.09,17.16
12/3/2018,28.99,32.25,44.959999,5.93,95.620003,33.130001,21.139999,17.290001
12/4/2018,28.559999,31.754999,42.630001,5.46,89.699997,32.5,20.620001,16.75
12/6/2018,29.1,31.725,44.43,5.76,96.190002,32.189999,20.84,16.059999
12/7/2018,28.84,31.459999,42.279999,5.8,89.330002,31.83,20.469999,15.83
12/10/2018,28.49,31.489,43.16,5.8,91.839996,31.780001,20.15,15.73
12/11/2018,29,31.465,44.490002,6.01,92.720001,31.82,20.450001,15.95
12/12/2018,28.969999,31.389999,44.470001,5.95,96.669998,31.639999,20.18,16.450001
12/13/2018,28.809999,31.528,44.700001,6.1,95.970001,31.719999,19.799999,16.48
12/14/2018,29.43,31.176001,44.119999,6.25,91.620003,31.809999,19.299999,16.440001
12/17/2018,28.299999,30.391001,38.900002,6.05,87.449997,31.530001,18.790001,16.139999
12/18/2018,28.559999,30.402,40.880001,6.03,85.290001,31.74,18.959999,16.030001
12/19/2018,27.950001,30.200001,39.990002,5.81,85.699997,31.58,18.639999,15.5
12/20/2018,27,29.790001,38.23,5.82,80.480003,30.74,18.620001,15.47
12/21/2018,26.309999,29.409,36.470001,5.48,76.150002,30.35,18.860001,15.93
12/24/2018,25.6,28.291,36.130001,5.78,75.589996,29.809999,18.85,15.99
12/26/2018,26.66,29.156,38.919998,5.85,85.389999,30.92,19.02,16.43
12/27/2018,26.559999,29.389,39.91,5.74,87.379997,31.059999,19.18,16
12/28/2018,26.700001,29.433001,40.27,5.67,86.019997,31.18,19.129999,16
12/31/2018,26.41,29.6,41.59,5.63,89.300003,31.639999,19.35,15.83
1/2/2019,26.209999,29.243,41.939999,5.79,86.970001,31.700001,19.59,16.07
1/3/2019,26.76,28.957001,40.389999,5.73,81.25,31.52,19.059999,15.33
1/4/2019,27.23,29.542,43.470001,6.03,88.550003,32.759998,19.790001,16.16
1/7/2019,27.030001,29.561001,44.919998,6.01,96.980003,33.16,19.799999,16.629999
1/8/2019,27.709999,29.82,45.310001,6.09,97.599998,33.360001,20.190001,16.540001
1/9/2019,28.559999,29.82,45.209999,5.99,96.410004,33.400002,20.57,17.110001
1/10/2019,28.709999,30.139999,45.130001,6.15,96.199997,33.299999,20.74,17.280001
1/11/2019,28.469999,30.1,45.459999,6.31,96.830002,33.549999,20.73,17.360001
1/14/2019,28.370001,29.973,45.549999,6.19,97.760002,33.419998,20.700001,17.290001
1/15/2019,28.6,30.275,48.740002,6.24,100.449997,33.110001,20.610001,17.6
1/16/2019,28.98,30.34,49.009998,6.14,99.970001,33.139999,21.33,17.690001
1/17/2019,28.93,30.556999,50.16,6.14,102.110001,32.939999,21.690001,17.91
1/18/2019,29.18,30.780001,52.16,6.15,105.32,33.68,21.9,17.99
1/22/2019,29.299999,30.73,50.73,6.04,99.519997,33.889999,21.709999,17.139999
1/23/2019,29.290001,30.870001,50.259998,6.05,100.400002,34.259998,21.92,17.049999
1/24/2019,29.610001,30.83,51.84,6.05,101.550003,34.349998,21.65,17.290001
1/25/2019,30.16,30.940001,52.23,5.98,104.18,33.959999,22.110001,17.43
1/28/2019,30.27,30.841,51.490002,5.85,102.160004,34.189999,22.219999,17.25
1/29/2019,30.059999,30.959999,49.400002,5.83,99.300003,34.220001,22.23,17.190001
1/30/2019,30.559999,31.26,50.27,5.79,103.82,34.150002,22.43,17.27
1/31/2019,31,31.68,51.23,5.75,111.32,33.720001,22.110001,17.120001
2/1/2019,31.02,31.677999,51.59,5.76,112.879997,33.18,22.469999,17.370001
2/4/2019,30.74,31.780001,52.830002,5.54,113.379997,34.630001,22.719999,17.450001
2/5/2019,31.059999,31.870001,52.849998,5.72,113.889999,34.560001,22.959999,17.610001
2/6/2019,31.18,31.85,52.279999,5.53,113.339996,34.82,22.870001,17.84
2/7/2019,30.969999,31.950001,51.959999,5.77,110.120003,35.310001,18.1,17.790001
2/8/2019,31.370001,32.07,53.16,5.99,114.779999,34.66,18.24,17.91
2/11/2019,31.389999,32.137001,52.900002,5.93,115.75,35.279999,18.83,18.15
2/12/2019,31.08,32.277,54.139999,5.69,115.290001,34.630001,19.08,18.799999
2/13/2019,31.370001,32.360001,53.790001,5.78,106.870003,35.5,18.93,19.25
2/14/2019,31.370001,32.200001,53.759998,5.8,107.269997,35.310001,19.07,19.18
2/15/2019,31.32,32.490002,53.630001,5.58,106.849998,35.310001,19.09,18.809999
2/19/2019,31.33,32.549999,54.009998,5.38,112.57,35.290001,19.34,19.25
2/20/2019,31.139999,32.639999,53.220001,5.42,116.300003,35.5,19.860001,19.23
2/21/2019,31.08,32.68,53.150002,5.32,113.160004,35.490002,19.34,19.450001
2/22/2019,31.120001,32.82,53.080002,5.29,116.550003,35.389999,19.41,19.610001
2/25/2019,30.940001,32.740002,51.23,5.28,118.269997,35.09,19.219999,19.700001
2/26/2019,30.809999,32.709999,51.25,5.17,116.919998,35.470001,19.290001,19.49
2/27/2019,30.58,32.755001,50.82,5.15,119.459999,35.310001,19.4,19.540001
2/28/2019,30.76,32.880001,50.09,5.01,121.690002,35.240002,18.790001,19.879999
3/1/2019,30.41,32.939999,33.700001,5.32,123.529999,35.02,19.18,19.59
3/4/2019,30.49,32.889999,33.509998,5.24,116.099998,34.599998,19.049999,21.15
3/5/2019,30.32,32.869999,33.849998,5.24,115.18,34.41,19.18,20.940001
3/6/2019,29.82,32.818001,34.099998,5.16,114.629997,34.029999,18.780001,20.860001
3/7/2019,29.549999,32.68,34.939999,5.19,115.5,34.189999,18.889999,20.459999
3/8/2019,29.59,32.66,34.48,5.43,116.800003,34.080002,18.68,20.17
3/11/2019,30.32,32.990002,35.610001,5.41,122.089996,34,18.719999,20.129999
3/12/2019,30.6,33.136002,37.189999,5.23,125.699997,34.560001,18.32,20.01
3/13/2019,30.74,33.240002,38.369999,5.27,126.779999,34.880001,18.1,19.290001
3/14/2019,30.870001,33.290001,38.25,5.2,130,34.630001,17.950001,19.120001
3/15/2019,30.879999,33.358002,38.27,5.12,129.410004,34.759998,17.940001,19.059999
3/18/2019,30.549999,33.25,38.34,4.96,129.350006,34.630001,18.549999,18.879999
3/19/2019,30.690001,33.099998,38.790001,4.69,130.380005,34.57,18.459999,18.639999
3/20/2019,30.58,33.016998,41.290001,4.7,130.649994,34.400002,18.309999,18.33
3/21/2019,31.360001,33.375,42.799999,4.7,135.660004,34.619999,18.49,18.26
3/22/2019,31.23,33.299,40.650002,4.47,129.529999,34.049999,17.799999,17.690001
3/25/2019,31.379999,33.310001,40.380001,4.39,131.550003,34.560001,17.85,17.84
3/26/2019,32.130001,33.57,40.130001,4.38,131.869995,34.580002,18.120001,17.9
3/27/2019,32.009998,33.465,36.970001,4.21,126.480003,34.419998,18.459999,17.83
3/28/2019,32.279999,33.338001,36.59,4.43,125.730003,34.869999,18.540001,17.98
3/29/2019,32.25,33.470001,37.740002,4.32,129.179993,34.91,18.559999,18.280001
4/1/2019,32.189999,33.541,38.669998,4.3,127.669998,35.23,18.879999,18.450001
4/2/2019,32.389999,33.560001,37.66,4.36,129.789993,34.650002,18.77,18.25
4/3/2019,32.529999,33.57,37.619999,4.41,129.380005,34.720001,18.610001,18.370001
4/4/2019,32.5,33.52,36.84,4.45,122.370003,35.080002,18.860001,18.469999
4/5/2019,32.529999,33.720001,37.169998,4.44,122.419998,35.27,18.950001,18.9
4/8/2019,32.43,33.605999,37.93,4.3,122.120003,35.150002,18.860001,18.940001
4/9/2019,32.209999,33.493999,38.810001,4.36,122.699997,35,18.66,18.969999
4/10/2019,32.369999,33.57,39.509998,4.27,125.220001,35.080002,18.6,19.110001
4/11/2019,32.200001,33.681,39.720001,4.26,125.699997,35.540001,18.639999,19.219999
4/12/2019,32.490002,33.834,40.66,4.24,125.720001,35.630001,18.690001,19.52
4/15/2019,33.040001,33.839001,40.419998,4.14,127.190002,35.549999,18.52,19.309999
4/16/2019,32.43,33.540001,41.07,4.16,126.559998,35.490002,18.809999,19.32
4/17/2019,32.330002,33.369999,42.099998,4.05,123.080002,35.639999,18.879999,19.52
4/18/2019,32.419998,33.494999,42.84,4.11,122.129997,35.610001,18.84,19.6
4/22/2019,32.220001,33.363998,42.860001,4.01,127.959999,35.080002,18.540001,19.309999
4/23/2019,32.369999,33.613998,43.009998,4.28,129.270004,36.279999,18.889999,19.799999
4/24/2019,32.43,33.729,43.009998,4.62,129.990005,36.09,18.77,20
4/25/2019,32.330002,33.830002,43.009998,4.51,132.25,36.400002,18.280001,19.67
4/26/2019,32.860001,33.924999,43.299999,4.51,134.919998,35.950001,18.440001,19.969999
4/29/2019,32.580002,33.860001,42.66,4.74,135.990005,36.310001,18.360001,19.92
4/30/2019,32.259998,34.249001,43.189999,4.79,137.139999,36.549999,18.5,19.93
5/1/2019,32.34,33.963001,42.98,4.56,128.570007,36.07,17.83,19.790001
5/2/2019,32.099998,33.970001,40.599998,4.34,131.940002,36.389999,17.219999,19.98
5/3/2019,32.200001,34.16,39.349998,4.5,130.869995,36.48,18,19.98
5/6/2019,32.18,34.063999,39.779999,4.68,131.800003,36.790001,18,19.200001
5/7/2019,31.549999,33.700001,37.549999,4.48,129.580002,38.25,18.059999,18.799999
5/8/2019,31.34,33.596001,38.299999,4.45,131.660004,38.119999,18.26,19.08
5/9/2019,31.33,33.650002,37.07,4.3,133.130005,38.650002,18.15,18.98
5/10/2019,31.610001,33.964001,37.040001,4.21,134.279999,38.799999,18.129999,19.01
5/13/2019,31.540001,33.830002,35.080002,4,123.389999,38.110001,17.85,18.26
5/14/2019,31.42,33.900002,37.25,4.12,131.080002,38.349998,17.9,18.49
5/15/2019,31.620001,34.02,38.389999,3.88,135.449997,38.07,17.84,18.82
5/16/2019,32.16,34.231998,39.349998,3.92,142.369995,38.810001,17.860001,19.540001
5/17/2019,31.889999,34.241001,39,3.9,140.490005,38.299999,17.790001,17.93
5/20/2019,31.469999,34.139999,37.43,3.95,137.660004,38.200001,17.700001,18.02
5/21/2019,31.65,34.333,38.619999,4.07,137.710007,38.299999,17.959999,18.309999
5/22/2019,31.700001,34.450001,36.610001,4.02,137.839996,37.790001,17.780001,18.02
5/23/2019,31.59,34.348999,34.700001,3.98,132.960007,36.98,17.540001,18.049999
5/24/2019,31.67,34.459999,35.139999,3.98,133.899994,37.07,17.690001,17.950001
5/28/2019,31.4,34.110001,31.41,3.84,132.949997,36.880001,17.440001,18.35
5/29/2019,31.049999,33.834999,33.689999,3.72,129.169998,35.799999,17.68,18.040001
5/30/2019,30.870001,33.926998,32.669998,3.51,126.93,35.849998,17.709999,18.049999
5/31/2019,30.75,33.939999,28.07,3.68,131.990005,34.560001,17.450001,18.040001
6/3/2019,30.85,34.220001,27.09,3.55,124.540001,34.880001,17.709999,18.040001
6/4/2019,30.469999,34.389999,28.040001,3.72,128.389999,35.330002,18.33,17.950001
6/5/2019,30.73,35.001999,28.120001,3.74,136.770004,36.450001,18.58,17.4
6/6/2019,30.709999,35.209999,27.92,3.75,139.630005,36.02,18.76,17.27
6/7/2019,30.540001,35.299999,28.02,3.77,144.110001,35.799999,18.790001,17.559999
6/10/2019,30.780001,35.25,27.860001,3.68,143.619995,36.110001,18.82,17.940001
6/11/2019,30.68,35.050999,27.83,3.77,140.690002,36.779999,18.940001,18.25
6/12/2019,30.73,35.254002,27.469999,3.75,143.089996,36.830002,19.129999,18.309999
6/13/2019,31.32,35.310001,27.549999,3.84,141.059998,36.990002,19.25,18.530001
6/14/2019,31.860001,35.459999,25.41,3.67,140.169998,36.459999,19.16,18.610001
6/17/2019,31.959999,35.419998,25.870001,3.85,140.710007,36.610001,19.18,18.610001
6/18/2019,31.92,35.369999,25.77,3.76,142.289993,36.259998,19.129999,18.83
6/19/2019,31.870001,35.601002,26.219999,3.88,146.5,36.02,19.219999,18.969999
6/20/2019,32.049999,35.799999,26.98,3.81,146.660004,35.919998,19.1,19.17
6/21/2019,31.67,35.720001,26.469999,3.76,144,35.200001,19.01,19.030001
6/24/2019,31.17,35.59,25.74,3.72,138.410004,35.220001,18.92,19.040001
6/25/2019,30.52,35.439999,24.719999,3.73,134.869995,35.759998,18.940001,18.950001
6/26/2019,30.07,34.939999,24.940001,3.78,134.179993,35.619999,19.1,18.950001
6/27/2019,30.33,34.845001,25.6,3.99,137.320007,35.650002,19.540001,19.200001
6/28/2019,30.65,35.021999,25.940001,4.21,136.350006,35.759998,19.530001,19.120001
7/1/2019,30.66,35.136002,26.370001,4.2,136.860001,35.990002,20.110001,19.700001
7/2/2019,30.780001,35.428001,26.74,4.11,137.5,36.41,20.1,19.57
7/3/2019,31.26,35.866001,27.110001,4.1,139.210007,36.709999,20.459999,19.68
7/5/2019,31.15,35.705002,26.389999,4.11,140.270004,36.669998,20.469999,19.870001
7/8/2019,31.09,35.689999,26.049999,3.9,144.729996,36.560001,20.1,19.940001
7/9/2019,31.030001,35.860001,26.26,4.09,145.25,36.299999,20.02,19.76
7/10/2019,31.15,35.904999,25.870001,4.21,145.440002,36.389999,19.99,19.719999
7/11/2019,30.559999,35.794998,26.85,4.1,144.259995,36.419998,19.969999,19.799999
7/12/2019,30.540001,35.818001,27.360001,4.05,142.149994,36.169998,20.030001,19.82
7/15/2019,30.290001,35.890999,26.690001,4.11,145.399994,36.150002,19.940001,19.860001
7/16/2019,30.209999,35.805,24.82,4.09,142.589996,36.150002,20.379999,19.790001
7/17/2019,30.040001,35.720001,24.780001,4.11,145.860001,35.720001,19.969999,19.559999
7/18/2019,29.969999,35.799999,25.040001,4.11,145.979996,35.419998,20.15,19.51
7/19/2019,29.52,35.438999,24.790001,4.06,145.619995,35.209999,20.15,19.66
7/22/2019,28.93,35.419998,24.959999,4.3,147.460007,34.860001,20.01,19.700001
7/23/2019,29.209999,35.466,24.85,4.68,145.570007,34.869999,20.290001,19.639999
7/24/2019,28.950001,35.436001,24.549999,4.78,147.610001,34.529999,20.27,19.84
7/25/2019,28.67,35.384998,23.450001,4.91,147.759995,34.950001,20.280001,19.709999
7/26/2019,29.15,35.653999,24.5,4.76,149.949997,35.619999,20.42,19.700001
7/29/2019,29.549999,35.715,23.75,5.09,141.5,35.560001,20.18,19.940001
7/30/2019,29.76,35.580002,23.6,5.2,140,35.490002,20.290001,19.98
7/31/2019,29.860001,35.450001,22.700001,5.14,139.110001,35.369999,20.190001,19.65
8/1/2019,29.16,35.380001,22.16,4.94,137.830002,34.869999,21.65,19.309999
8/2/2019,29.450001,35.387001,20.040001,4.82,133.699997,34.68,21.719999,19.1
8/5/2019,28.68,34.630001,19.059999,4.76,124.519997,35.139999,21.74,18.24
8/6/2019,28.709999,35.16,19.35,4.75,125.57,37.919998,21.9,18.540001
8/7/2019,29.07,35.272999,18.84,4.83,123.900002,38.75,22.25,18.719999
8/8/2019,29.4,35.729,19.450001,4.9,131.679993,38.68,22.879999,19.02
8/9/2019,29.709999,35.751999,19.110001,4.88,133.720001,38.919998,22.25,19.059999
8/12/2019,29.59,35.490002,18.620001,4.75,131.490005,38.57,22.030001,18.93
8/13/2019,29.5,35.710999,18.73,4.86,132.050003,38.41,22.16,19.030001
8/14/2019,28.950001,35.118999,18.200001,4.73,124.75,38.209999,21.959999,19.02
8/15/2019,29.01,35.487999,18.32,4.5,123.169998,38.049999,21.83,19.1
8/16/2019,29.34,35.785,18.24,4.62,124.760002,39.18,22.1,19.379999
8/19/2019,29.360001,36.028999,19.139999,4.71,125.610001,39.759998,22.24,20.190001
8/20/2019,29.08,35.759998,19.110001,4.8,126.860001,39.5,22.07,19.780001
8/21/2019,29.120001,35.91,19.34,5.29,131.059998,39.490002,22.42,20.1
8/22/2019,29.33,36.049,19.76,5.09,130.5,40.32,22.379999,19.98
8/23/2019,29.25,35.470001,20.139999,4.9,127.959999,40.099998,22.030001,19.540001
8/26/2019,29.77,35.799999,19.620001,4.79,129.979996,40.529999,22.35,20.34
8/27/2019,30.02,35.845001,19.120001,4.68,131.479996,40.220001,22.110001,20.379999
8/28/2019,30.24,35.909,19.6,4.85,130.910004,40.389999,22.09,20.41
8/29/2019,30.51,36.173,24.01,4.94,132.050003,40.400002,22.26,20.440001
8/30/2019,30.84,36.209999,24.23,4.88,130.470001,40.450001,22.6,20.51
9/3/2019,30.68,36.41,22.879999,4.77,129.699997,40.200001,22.190001,20.68
9/4/2019,30.98,36.653999,23.33,4.82,132.320007,40.82,22.34,20.889999
9/5/2019,31.17,36.610001,24.309999,4.53,129.729996,40.759998,22.450001,21.02
9/6/2019,31.32,36.650002,23.959999,4.27,123.699997,40.66,22.5,21.16
9/9/2019,31.32,36.439999,25.299999,4.425,111.879997,40.73,22.139999,20.83
9/10/2019,30.93,36.099998,26.52,4.39,110.010002,40.650002,22.110001,20.98
9/11/2019,30.870001,36.306999,27.25,4.51,109.720001,41.09,22.440001,21.1
9/12/2019,30.65,36.479,26.74,4.46,113.099998,42.400002,22.32,21.68
9/13/2019,30.389999,36.360001,27.040001,4.34,109.589996,42.189999,22.25,21.25
9/16/2019,30.299999,36.304001,27.209999,4.48,110.650002,41.560001,21.91,20.92
9/17/2019,29.950001,36.622002,26.84,4.51,112.32,42.48,21.950001,20.91
9/18/2019,30.469999,36.708,26.309999,4.47,112.550003,42.380001,22.01,22.08
9/19/2019,30.73,36.799999,26.450001,4.46,115.110001,42.490002,22.059999,22.17
9/20/2019,31.059999,36.745998,26.16,4.5,114.220001,42.810001,22.030001,21.76
9/23/2019,30.870001,36.790001,26.49,4.48,112.93,42.68,22.01,21.030001
9/24/2019,30.84,36.820999,25.6,4.22,109.110001,42.400002,21.82,21.049999
9/25/2019,30.82,36.873001,26.200001,4.22,110.43,42.290001,22.030001,20.9
9/26/2019,30.66,37.029999,26.035,4.08,110.900002,40.470001,22.1,20.860001
9/27/2019,30.01,36.775002,26.209999,4.01,106.559998,40.419998,21.879999,20.58
9/30/2019,30.049999,36.824001,26.25,4.11,109.959999,41.099998,22.030001,21.33
10/1/2019,29.629999,36.569,25.35,3.94,109.730003,41.119999,21.860001,21.030001
10/2/2019,30.25,36.049,25.16,3.79,106.610001,41.009998,21.440001,21
10/3/2019,30.5,36.213001,25.280001,3.83,110.5,41.139999,21.379999,20.950001
10/4/2019,30.469999,36.771,25.280001,3.87,112.080002,40.18,21.540001,20.719999
10/7/2019,30.299999,36.597,25.629999,3.86,112.910004,40.459999,21.450001,20.549999
10/8/2019,30.209999,36.176998,23.75,3.73,108.400002,40.540001,21.5,20.01
10/9/2019,30.09,36.354,23.959999,3.69,111.029999,41.16,21.5,19.99
10/10/2019,30.200001,36.433998,23.684999,3.72,110.290001,40.799999,21.780001,20.209999
10/11/2019,29.99,36.491001,24.82,3.81,114.339996,40.82,21.870001,20.68
10/14/2019,30.08,36.332001,25.35,3.86,116.589996,40.549999,21.58,20.48
10/15/2019,29.91,36.389999,25.575001,3.86,115.209999,39.59,21.860001,20.700001
10/16/2019,30.43,36.375,26.190001,3.72,109.800003,39.290001,21.959999,20.82
10/17/2019,30.18,36.509998,26.76,3.76,110.050003,39.540001,21.969999,20.83
10/18/2019,30.110001,36.615002,26.145,3.64,106.349998,39.639999,21.889999,20.84
10/21/2019,30.450001,36.735001,27.35,3.61,105.540001,39.720001,21.93,21.41
10/22/2019,30.790001,36.564999,27.26,3.62,100.650002,39.549999,21.889999,21.450001
10/23/2019,31.17,36.623001,27.92,3.64,100.5,39.540001,21.639999,21.610001
10/24/2019,31.219999,36.735001,28.33,3.59,105.629997,40,21.51,21.959999
10/25/2019,31.059999,36.508999,29.129999,3.64,106.980003,39.700001,21.450001,22.129999
10/28/2019,30.879999,36.330002,29.120001,3.59,106.400002,40.16,21.52,22.23
10/29/2019,30.99,36.400002,29.110001,3.55,105.099998,40.220001,21.639999,21.84
10/30/2019,31.290001,36.669998,29.514999,3.57,107.699997,39.860001,21.32,21.99
10/31/2019,31.209999,36.634998,29.219999,3.5,96.559998,39.669998,21.34,22
11/1/2019,31.790001,36.662998,28.92,3.4,97.059998,40.439999,21.469999,21.74
11/4/2019,32.060001,36.374001,27.93,3.39,92.010002,40.23,21.84,22.459999
11/5/2019,31.559999,36.176998,27.959999,2.77,91.330002,40.84,21.99,22.200001
11/6/2019,31.959999,36.381001,27.27,2.75,92.269997,40.57,22.120001,22.17
11/7/2019,31.379999,36.216999,27.42,2.7,91.059998,39.599998,22.959999,22.51
11/8/2019,31.4,36.159,27.959999,2.69,93.230003,39.110001,23.190001,22.450001
11/11/2019,31.799999,36.139999,27.780001,2.64,96.169998,38.91,23.58,22.41
11/12/2019,31.559999,36.076,27.82,2.63,95.089996,39.029999,23.190001,22.5
11/13/2019,32.110001,36.355,27.58,2.6,98.339996,39.59,23.01,22.209999
11/14/2019,32.700001,36.473999,26.620001,2.58,98.110001,39.48,23.01,22.15
11/15/2019,32.700001,36.57,29.4,2.5,99.540001,39.360001,23.049999,22.370001
11/18/2019,32.860001,36.620998,28.68,2.4,101.660004,39.310001,23.059999,22.43
11/19/2019,32.490002,36.650002,28.690001,2.4,103,39.169998,23.190001,21.030001
11/20/2019,31.16,36.641998,29.9,2.5,103.739998,38.799999,23.049999,20.57
11/21/2019,30.73,36.424999,29.690001,2.46,103.529999,38.990002,23,20.9
11/22/2019,30.809999,36.400002,29.299999,2.45,104.290001,38.66,23.030001,20.74
11/25/2019,30.719999,36.373001,28.75,2.44,103.360001,39.200001,22.98,20.98
11/26/2019,30.93,36.705002,33.470001,2.46,102.589996,39.639999,22.98,21.25
11/27/2019,30.790001,36.745998,34.970001,2.43,103,39.970001,22.98,21.52
11/29/2019,30.99,36.668999,37.349998,2.33,103.279999,39.77,22.65,21.280001
12/2/2019,30.299999,36.333,35.889999,2.6,97.650002,39.75,22.51,20.91
12/3/2019,30.25,35.73,36.150002,2.65,99.279999,40.110001,22.34,20.75
12/4/2019,30.07,36.217999,35.549999,2.57,98.93,40.049999,22.35,20.700001
12/5/2019,29.860001,36.183998,35.57,2.64,97.540001,40.23,22.42,20.809999
12/6/2019,30,36.805,34.599998,2.66,98.540001,40.5,22.379999,20.92
12/9/2019,29.799999,36.639999,33.880001,2.71,98.989998,40.16,22.209999,20.84
12/10/2019,30.07,36.608002,32.98,2.74,97.360001,40.080002,22.110001,20.889999
12/11/2019,29.52,36.924999,31.91,2.8,96.230003,40.259998,22.24,21.1
12/12/2019,29.07,37.790001,32.610001,2.85,96.860001,40.099998,22.139999,21
12/13/2019,29.280001,37.632,32.75,2.85,97.980003,40.200001,21.41,21.57
12/16/2019,29.27,38.029999,32.66,2.85,98.849998,40.380001,21.290001,22.120001
12/17/2019,29.67,38.113998,31.84,2.74,97.589996,40.450001,21.41,22.469999
12/18/2019,30.35,38.290001,32.02,2.72,98.43,40.07,21.389999,22.68
12/19/2019,30.74,38.435001,31.74,2.76,99.879997,40.290001,21.620001,22.73
12/20/2019,30.559999,38.618,31.66,2.74,100.260002,41.16,21.59,22.91
12/23/2019,30.73,38.933998,32.009998,2.76,100.389999,41.32,21.450001,23.08
12/24/2019,30.76,38.916,32.259998,2.76,100.550003,41.43,21.41,22.99
12/26/2019,30.75,39.022999,32.674999,2.63,102.610001,41.599998,21.52,23.200001
12/27/2019,31,38.812,31.74,2.6,100.43,41.77,21.34,23.52
12/30/2019,30.700001,38.507,30.629999,2.65,97.790001,42.009998,21.35,23.309999
12/31/2019,30.969999,38.630001,31.26,2.62,98.279999,41.889999,21.41,23.35
1/2/2020,30.34,39.193001,31.879999,2.68,103.150002,40.98,21.18,23.719999
1/3/2020,30.790001,38.738998,32.450001,2.7,103.519997,40.73,21.1,23.299999
1/6/2020,30.59,38.771,33.139999,2.81,107.459999,40.93,21.059999,23.360001
1/7/2020,30.459999,39.09,32.900002,2.82,108.059998,40.5,21.139999,23
1/8/2020,30.459999,39.126999,33.150002,2.86,109.389999,40.880001,21.200001,23.299999
1/9/2020,30.799999,39.362999,34.150002,2.84,113.019997,41.240002,21.15,23.209999
1/10/2020,30.73,39.110001,34.900002,2.8,115.739998,41.389999,21.059999,23
1/13/2020,30.85,39.439999,35.009998,2.83,120.339996,40.59,21.120001,23.6
1/14/2020,30.969999,39.470001,34.959999,2.95,119.019997,40.82,21.09,23.700001
1/15/2020,30.969999,39.23,34.700001,2.97,119.879997,41.169998,21.290001,23.58
1/16/2020,31.35,39.777,35.880001,2.95,119.580002,41.400002,21.42,23.65
1/17/2020,32.32,39.874001,35.139999,2.94,119.360001,41.369999,21.33,24.18
1/21/2020,32.560001,39.509998,34.619999,2.91,119.080002,41.720001,21.190001,23.91
1/22/2020,32.48,39.360001,36.349998,2.935,119.120003,41.610001,21.139999,23.6
1/23/2020,32.299999,39.580002,35.580002,2.98,120.800003,41.790001,21.059999,23.110001
1/24/2020,32.099998,38.950001,35.23,2.75,121.379997,41.34,20.940001,22.610001
1/27/2020,31.65,37.720001,33.740002,2.57,120.550003,41.34,20.719999,22.209999
1/28/2020,31.85,38.290001,33.490002,2.66,122.760002,41.470001,20.77,22.27
1/29/2020,32.02,38,32.25,2.82,123.800003,40.959999,20.77,22.42
1/30/2020,32.16,38.029999,33.279999,2.72,124.809998,40.360001,21.059999,22
1/31/2020,31.940001,37.134998,32.470001,2.63,124.339996,40.169998,21.08,21.719999
2/3/2020,32.5,37.424999,33.419998,2.64,128.179993,39.889999,21.379999,22.18
2/4/2020,33.060001,37.487999,34.77,2.7,131.899994,39.02,21.91,23.23
2/5/2020,33.060001,37.687,35.34,2.81,127.150002,40.02,22.73,22.799999
2/6/2020,33.380001,37.745998,35.5,2.75,117.870003,40.009998,23.200001,23.639999
2/7/2020,32.939999,37.665001,35.009998,2.78,122.209999,40.509998,22.77,23.76
2/10/2020,33.639999,37.874001,35.080002,2.85,125.709999,40.740002,22.48,23.5
2/11/2020,33.77,37.985001,34.91,2.92,125.410004,39.669998,22.17,23.93
2/12/2020,33.709999,37.98,36.040001,2.62,125.919998,40.470001,22.09,24.65
2/13/2020,33.279999,38.240002,35.720001,2.52,128.669998,40.439999,21.92,24.360001
2/14/2020,33.75,38.480999,36.650002,2.61,127.739998,40.5,21.9,24.02
2/18/2020,34.040001,38.464001,37.07,2.4,128.139999,39.919998,22.040001,24.4
2/19/2020,33.73,38.262001,37.419998,2.34,128.059998,39.860001,22.129999,24.799999
2/20/2020,34.110001,38.227001,37.299999,2.42,126.709999,39.900002,22.42,25.17
2/21/2020,34.16,38.206001,36.970001,2.32,123.269997,39.700001,22.34,24.719999
2/24/2020,32.889999,37.57,36.009998,2.13,117.940002,38.869999,21.950001,24.1
2/25/2020,31.77,36.623001,34.700001,2.1,112.309998,38.119999,21.379999,23.790001
2/26/2020,29.98,36.381001,32.630001,1.92,112.959999,36.43,20.35,23.76
2/27/2020,28.9,34.750999,23.299999,1.88,110.910004,34.240002,19.76,23.33
2/28/2020,28.700001,33.689999,23.84,1.82,112.639999,33.639999,19.5,23.459999
3/2/2020,27.82,35.330002,24.09,1.82,111.480003,34.779999,19.48,24.709999
3/3/2020,27.530001,34.060001,22.1,1.81,105.370003,33.32,19.51,24.51
3/4/2020,29.02,35.101002,22.82,1.8,104.879997,33.73,19.549999,25.98
3/5/2020,27.98,33.380001,21.639999,1.75,105.989998,32.580002,18.93,26.389999
3/6/2020,27.049999,32.119999,20.25,1.74,101.769997,31.299999,18.83,26.6
3/9/2020,24.049999,28.030001,17.5,1.44,93.050003,28.610001,17.93,27.049999
3/10/2020,25.049999,29.700001,17.459999,1.52,92.610001,30.26,18.459999,27.700001
3/11/2020,22.59,27.813999,15.85,1.56,87.010002,26.25,17.469999,27.5
3/12/2020,19.290001,24.43,13.34,1.45,78.339996,20.040001,15.87,25.889999
3/13/2020,23.209999,26.9,14.63,1.59,79.989998,19.68,16.879999,25.6
3/16/2020,16,23.033001,12.49,1.541,71.699997,14.7,14.01,25.120001
3/17/2020,17.07,24.139999,13.1,1.59,77.620003,12.33,13.14,26
3/18/2020,13.28,21.93,12.8,1.58,74.089996,9.72,10.28,25.200001
3/19/2020,14.93,22.889999,14.06,1.5,82.5,12.67,10.95,24.469999
3/20/2020,16.049999,22.139999,14.6,1.55,84.139999,12.99,10.73,24.690001
3/23/2020,16.559999,21.440001,15.81,1.48,89.739998,13.29,9.14,23.620001
3/24/2020,19.059999,24.370001,18.370001,1.6,97.529999,15.29,11.85,24.52
3/25/2020,21.280001,25.23,18.08,1.65,96.830002,16.940001,13.86,24.629999
3/26/2020,22.360001,26.48,17.620001,1.62,100.690002,18.959999,13.85,25.82
3/27/2020,22.5,25.01,16.93,1.51,96.629997,18.02,13.2,25.51
3/30/2020,23.98,25.049999,16.030001,1.42,97,18.25,13.42,25.780001
3/31/2020,23.67,24.790001,15.8,1.46,89.489998,17.709999,13.09,26.48
4/1/2020,22.780001,23.26,14.78,1.4,84.93,15.31,11.9,26.32
4/2/2020,22.82,23.700001,14.53,1.4,83.32,15.12,12.38,27.35
4/3/2020,22.120001,23.209999,14.33,1.39,80.690002,14.06,12.2,26.92
4/6/2020,22.370001,24.889999,16.030001,1.43,86.660004,17.139999,12.56,27.76
4/7/2020,21.969999,24.91,15.97,1.43,87.220001,16.73,13.46,27.469999
4/8/2020,23.01,25.940001,16.5,1.6,91.730003,18.08,13.7,27.540001
4/9/2020,24.67,26.91,16.35,1.65,95.339996,18.540001,14.1,27.129999
4/13/2020,24.18,26.34,17.17,1.64,95.889999,17.99,13.98,27.200001
4/14/2020,24.73,26.9,17.91,1.79,98.790001,18,14.17,27.09
4/15/2020,23.780001,25.99,17.16,1.8,100.82,17.23,13.68,26.559999
4/16/2020,23.540001,25.93,17.4,1.71,103.629997,15.97,13.25,29.02
4/17/2020,24.49,26.780001,16.85,1.69,107.879997,17.290001,14.25,28.790001
4/20/2020,23.629999,26.049999,16.85,1.64,108.370003,17.34,13.7,28.549999
4/21/2020,23.299999,25.43,16.25,1.6,105,17.389999,13.69,27.9
4/22/2020,23.459999,25.790001,17.23,1.67,107.889999,18.549999,13.81,28.969999
4/23/2020,23.200001,25.48,17.02,1.68,107.510002,17.709999,14.91,28.790001
4/24/2020,23.299999,25.702999,17.790001,1.69,109.949997,19.51,15.69,28.889999
4/27/2020,23.809999,26.190001,18.809999,1.73,109.419998,20.32,16.780001,29.23
4/28/2020,24.01,26.370001,18.955,1.75,104.589996,21.02,17.1,29.17
4/29/2020,25.309999,26.66,20.58,1.8,111.300003,22.370001,18.1,29.559999
4/30/2020,25.17,26.09,20.49,1.83,112.300003,21.5,17.190001,29.76
5/1/2020,24.52,25.43,18.26,1.69,107.980003,19.469999,16.65,28.41
5/4/2020,24.139999,25.549999,17.639999,1.73,113.25,19.940001,16.68,27.58
5/5/2020,23.9,25.67,17.77,1.65,116.57,18.84,16.65,28.57
5/6/2020,24.040001,25.57,20.68,1.59,122.400002,18.290001,16.43,28.92
5/7/2020,24.969999,26.076,21.66,1.61,170.889999,18.889999,16.73,29.889999
5/8/2020,24.66,27.01,22.200001,1.72,179.690002,19.620001,17.16,31.15
5/11/2020,24.309999,26.67,22.055,1.68,186.610001,18.51,16.6,32.450001
5/12/2020,23.01,25.950001,21.209999,1.59,190.289993,17.51,16.040001,32.25
5/13/2020,21.959999,24.969999,20.1,1.55,187.419998,16.77,15.6,32.75
5/14/2020,22.66,25.459999,19.635,1.49,191.860001,17.35,16.280001,33.099998
5/15/2020,22.879999,25.379999,20.290001,1.45,189.220001,17.15,16.33,33.330002
5/18/2020,24.190001,27.837999,21.23,1.66,183.389999,19.209999,17.620001,34.369999
5/19/2020,25.25,27.062,20.92,1.66,183.240005,18.35,17.629999,34.639999
5/20/2020,26.379999,27.804001,23.450001,1.87,191.910004,18.790001,17.85,34.279999
5/21/2020,26.58,27.797001,24.01,1.85,194,18.549999,18.190001,32.450001
5/22/2020,26.450001,27.673,24.610001,1.85,208.619995,17.809999,18.18,30.690001
5/26/2020,27.82,29.535,24.41,1.98,196.399994,19.33,19.030001,32.16
5/27/2020,27.620001,30.865,24.91,2.07,192.350006,20.99,18.879999,30.299999
5/28/2020,27.6,29.789,22.83,2.14,191.399994,19.4,18.32,31.16
5/29/2020,27.73,29.184,24.059999,2.1,197.600006,19.139999,18.35,32.619999
6/1/2020,28.209999,30.023001,24.025,2.11,199,19.91,18.65,32.82
6/2/2020,28.200001,30.625999,24.379999,2.2,201.669998,19.84,19.25,33.540001
6/3/2020,29.23,32.393002,24.17,2.28,200.800003,21.33,19.48,34.5
6/4/2020,29.110001,33.158001,24.280001,2.32,193.050003,21.110001,19.549999,33.110001
6/5/2020,29.09,35.389999,23.68,2.51,196.710007,23.4,19.610001,34.560001
6/8/2020,30.209999,37.189999,25.35,2.7,196.729996,25.290001,20.049999,34.450001
6/9/2020,30.139999,35.671001,24.09,2.56,194.270004,22.959999,19.639999,34.080002
6/10/2020,28.6,33.75,24.049999,2.37,203.080002,21.01,19.25,35.23
6/11/2020,27.440001,30.311001,21.209999,1.92,188.419998,20.16,18.17,34.490002
6/12/2020,28.559999,31.702,22.52,2.11,191.889999,20.209999,18.65,34.889999
6/15/2020,29.48,31.999001,23.16,2.13,203.300003,20.32,18.610001,36.740002
6/16/2020,29.34,32.903999,23.389999,2.19,209.690002,20.799999,19.16,36.200001
6/17/2020,28.98,32.099998,23.129999,2.12,211.279999,19.91,19.85,37.299999
6/18/2020,28.75,32.131001,22.93,2.18,215.289993,19.99,20.09,37.119999
6/19/2020,28.24,31.573,23.209999,2.1,210.289993,19.200001,19.5,38.639999
6/22/2020,28.25,31.493,23.120001,2.06,216.25,19.1,19.299999,37.279999
6/23/2020,28.43,31.66,23.639999,2.08,215.25,20.700001,19.209999,37.450001
6/24/2020,27.74,29.870001,22.690001,2.01,212.169998,19.860001,19,37.380001
6/25/2020,27.67,30.49,21.639999,1.97,216.520004,19.85,18.870001,37.060001
6/26/2020,26.809999,29.469999,22.65,1.93,221.149994,19.1,18.84,36.93
6/29/2020,26.799999,30.063,22.799999,1.98,210.990005,19.98,19.5,37.099998
6/30/2020,27.209999,30.695999,23.705,1.97,219.419998,19.719999,19.33,36.709999
7/1/2020,27.27,30.01,23.959999,1.94,227.770004,20.040001,19.030001,37
7/2/2020,27.25,30.252001,23.870001,1.94,232.350006,19.700001,19.370001,37.529999
7/6/2020,26.5,30.797001,23.620001,1.87,235.440002,20.059999,19.49,36.34
7/7/2020,26.309999,29.836,23.23,1.89,233.300003,19.690001,19.08,37.509998
7/8/2020,26.290001,30.153,23.950001,1.89,243.610001,19.969999,20.59,36.869999
7/9/2020,26.299999,29.08,23.620001,1.85,245.300003,18.940001,20.049999,37.880001
7/10/2020,26.190001,30.07,23.34,1.86,240.580002,20.030001,20.42,37.119999
7/13/2020,25.91,30.004,21,1.78,224.800003,19.83,19.91,37
7/14/2020,25.76,30.34,20.815001,1.74,223.820007,19.719999,20.389999,36.580002
7/15/2020,27.01,31.68,20.77,1.83,224.270004,21.459999,20.99,36.259998
7/16/2020,26.700001,31.431999,20.35,1.8,222.380005,21.08,21.120001,36.360001
7/17/2020,27.049999,31.431999,22.059999,1.78,238.570007,21.16,21.15,36.169998
7/20/2020,26.66,30.75,21.879999,1.77,262.970001,20.91,21,36.490002
7/21/2020,26.879999,31.596001,22.450001,1.73,260.51001,21.32,21.379999,36.48
7/22/2020,27.360001,31.620001,22.379999,1.7,262.049988,21.68,21.559999,35.66
7/23/2020,26.440001,31.693001,22.379999,1.68,254.320007,20.959999,21.07,34.93
7/24/2020,25.65,31.334999,21.120001,1.67,248.289993,20.959999,21,34.880001
7/27/2020,25.58,31.377001,21.65,1.64,252.860001,20.75,21.23,35.610001
7/28/2020,26.209999,31.066999,21.790001,1.65,249.789993,20.34,20.629999,35.150002
7/29/2020,26.66,31.962,22.08,1.8,264.619995,20.870001,21.02,36.369999
7/30/2020,27.219999,31.448,22.18,1.85,267.450012,20.27,20.799999,36.560001
7/31/2020,27.34,31.120001,22.190001,1.82,277.420013,20.299999,20.52,37.049999
8/3/2020,27.360001,31.457001,22.84,1.77,286.329987,20.120001,21.07,37.299999
8/4/2020,27.48,31.537001,23.290001,1.8,283.76001,21.68,20.9,37.34
8/5/2020,27.440001,31.558001,23.75,1.86,278.109985,21.950001,21.92,37
8/6/2020,27.92,31.475,23.299999,1.94,260.48999,22.690001,21.57,37.529999
8/7/2020,28.219999,31.77,22.215,1.83,249,23.24,21.74,36.34
8/10/2020,28.65,31.789,22.52,1.87,250.050003,23.85,21.67,36
8/11/2020,28.58,31.615,22.59,1.99,244.490005,24.48,21.620001,36.16
8/12/2020,28.969999,31.801001,22.32,2.01,240.929993,24.01,21.83,36.990002
8/13/2020,28.6,31.75,21.719999,1.98,243.990005,24.16,21.719999,34.75
8/14/2020,28.719999,31.745001,21.200001,1.96,240.059998,24.299999,21.709999,33.669998
8/17/2020,28.809999,31.84,21.16,1.9,247.800003,24.370001,21.860001,33.66
8/18/2020,28.719999,31.855,21.17,1.92,251.940002,24.09,21.719999,33.369999
8/19/2020,28.360001,31.83,20.84,1.75,251,23.6,21.6,32.419998
8/20/2020,28.530001,31.823,21.48,1.84,257.649994,23.27,21.5,31.92
8/21/2020,28.469999,31.844999,20.98,1.83,251.259995,22.299999,21.33,31.870001
8/24/2020,29.280001,31.790001,21.219999,1.84,245.470001,23.309999,21.68,32.040001
8/25/2020,29.24,31.98,20.889999,1.88,249.509995,22.969999,21.139999,32.650002
8/26/2020,28.959999,31.965,21.639999,1.86,265.019989,22.75,20.940001,32.810001
8/27/2020,29.290001,32.029999,21.700001,1.88,261.519989,23.959999,20.860001,32.259998
8/28/2020,28.790001,32.075001,28.030001,1.88,264.450012,25.049999,21,32.720001
8/31/2020,28.07,32.007999,28.709999,1.84,269.76001,24.35,20.4,33.529999
9/1/2020,28.5,32.09,28.145,1.81,273.23999,24,20.299999,35.27
9/2/2020,28.889999,32.070999,27.459999,1.78,264.200012,24.48,20.639999,34.59
9/3/2020,28.629999,31.74,26.110001,1.85,248.389999,24.299999,20.17,33.27
9/4/2020,28.549999,31.778,25.07,1.84,233.5,24.309999,20.540001,33.27
9/8/2020,28.209999,31.58,25.049999,1.77,226.160004,23.25,19.940001,31.74
9/9/2020,28.469999,31.802,25.559999,1.78,233.110001,23.84,20.26,32.599998
9/10/2020,28.530001,31.530001,24.715,1.75,231.169998,23.9,20.379999,31.27
9/11/2020,28.23,31.657,23.934999,1.7,224.410004,23.450001,20.709999,31.620001
9/14/2020,28.65,31.784,24.635,1.73,225.910004,24.27,20.92,31.719999
9/15/2020,29.33,31.795,24.25,1.7,226.330002,24.98,20.799999,31.370001
9/16/2020,29.51,31.798,23.82,1.75,228.740005,25.309999,20.65,31.01
9/17/2020,29.02,31.778,22.59,1.71,221.869995,25.540001,20.889999,30.83
9/18/2020,28.530001,31.67,22.049999,1.7,225.399994,25.280001,20.26,30.66
9/21/2020,27.85,31.51,21.639999,1.63,238.300003,23.68,19.389999,28.68
9/22/2020,27.860001,31.584999,22.690001,1.62,237,23.780001,19.5,29.860001
9/23/2020,27.58,31.330999,21.389999,1.54,232,22.57,19,29.950001
9/24/2020,27.620001,31.334999,21.26,1.54,238.399994,22.58,19.120001,30.25
9/25/2020,27.99,31.597,21.780001,1.54,245.020004,22.67,19.120001,30.5
9/28/2020,28.74,31.728001,22.01,1.59,244.520004,23.040001,19.360001,31.969999
9/29/2020,28.25,31.715,22.129999,1.57,248.800003,22.1,19.139999,29.59
9/30/2020,27.98,31.797001,22.18,1.55,247.089996,22.219999,19.040001,29.92
10/1/2020,28.200001,31.804001,22.99,1.48,256.959991,22.58,19.059999,29.48
10/2/2020,28.26,31.729,22.25,1.42,290.359985,22.799999,19.559999,29.08
10/5/2020,28.17,31.879,22.030001,1.41,283,22.41,19.76,29.08
10/6/2020,28.25,31.747,21.459999,1.4,294.51001,23.190001,19.49,29.25
10/7/2020,28.01,31.98,21.370001,1.41,298.179993,23.389999,19.709999,28.940001
10/8/2020,28.209999,32.060001,22.809999,1.47,299.100006,23.77,19.700001,28.92
10/9/2020,28.139999,32.25,23.120001,1.45,306.23999,24.309999,20.02,29.91
10/12/2020,28.139999,32.374001,23.41,1.46,329.720001,25.120001,19.65,30.24
10/13/2020,27.690001,32.349998,23.790001,1.47,337.880005,24.190001,19.25,30.18
10/14/2020,27.49,32.284,24.51,1.5,323.420013,24.68,19.879999,29.01
10/15/2020,27.940001,32.244999,24.389999,1.43,325.899994,25.030001,20.049999,28.67
10/16/2020,27.5,32.191002,24.469999,1.43,326.470001,24.83,19.700001,28.84
10/19/2020,26.700001,32.049,24.290001,1.45,329.589996,24.559999,19.41,28.799999
10/20/2020,26.73,32.127998,23.9,1.44,309.380005,24.950001,19.6,29.92
10/21/2020,27.09,32.169998,24.4,1.46,298.700012,24.65,19.4,30.57
10/22/2020,27.370001,32.191002,25.049999,1.45,294.029999,25.129999,20.030001,30.969999
10/23/2020,27.32,32.202,25.32,1.5,306.100006,25.290001,20.309999,30.27
10/26/2020,27.26,31.995001,24.26,1.37,300.619995,23.440001,19.450001,30.389999
10/27/2020,26.799999,31.997,24.540001,1.41,286.290009,22.389999,18.9,29.870001
10/28/2020,26.4,31.511999,24.559999,1.33,296.959991,21.299999,18.67,29.18
10/29/2020,26.65,31.719999,25.360001,1.36,288.579987,21.190001,19.950001,30.18
10/30/2020,26.450001,31.466,24.34,1.35,278.970001,20.9,19.67,28.98
11/2/2020,27.129999,31.701,23.360001,1.27,273.380005,21.43,20.559999,29.33
11/3/2020,28.049999,31.968,24.73,1.28,280.369995,23.040001,21.129999,29.07
11/4/2020,27.85,32.27,25.110001,1.25,306.190002,22.66,21.1,30.32
11/5/2020,28.209999,32.439999,25.379999,1.26,307.540009,23.280001,21.41,31.290001
11/6/2020,27.93,32.48,25.9,1.3,292.130005,23.32,21.76,31.35
11/9/2020,28.879999,32.625999,26.09,1.56,274,30.07,22.24,30.93
11/10/2020,29.73,32.598999,24.844999,1.5,266.26001,31.120001,22.66,30.030001
11/11/2020,29.99,32.658001,25.66,1.42,279.170013,28.75,22.27,29.93
11/12/2020,29.559999,32.534,25.620001,1.37,285.670013,27.950001,21.6,30.77
11/13/2020,30.15,32.740002,26.370001,1.4,274.429993,30.059999,22.35,32.73
11/16/2020,30.799999,32.803001,26.709999,1.42,278.519989,31.18,22.209999,33.240002
11/17/2020,31.18,32.794998,26.98,1.46,287.880005,31.139999,22.280001,33.080002
11/18/2020,30.51,32.744999,26.860001,1.46,278.929993,30.43,22,32.59
11/19/2020,30.9,32.790001,27.59,1.5,295.640015,30.73,22.139999,29.99
11/20/2020,30.860001,32.75,28.469999,1.49,298.309998,30.01,22.58,30.120001
11/23/2020,30.709999,32.792,28.469999,1.71,301.720001,30.559999,22.690001,29.24
11/24/2020,30.83,32.950001,28.209999,2.15,292,31.98,23.629999,29.76
11/25/2020,30.559999,32.916,27.07,2.25,305.5,31.98,23,29.459999
11/27/2020,30.540001,32.915001,28.07,2.42,319.049988,32.25,22.91,29.51
11/30/2020,30.57,32.841,27.389999,2.19,320.089996,31.48,22.790001,28.24
12/1/2020,31.549999,33.014999,27.799999,2.07,313.579987,32.82,23.02,28.75
12/2/2020,31.459999,33.049999,28.4,2.24,320.339996,32.560001,22.67,29.02
12/3/2020,32.549999,32.965,27.959999,2.17,319.75,33,22.790001,28.799999
12/4/2020,32.59,33.049999,28.879999,2.23,319.48999,34.32,23.1,28.219999
12/7/2020,32.48,33.083,28.58,2.2,309.290009,33,23.02,28.23
12/8/2020,32.509998,33.131001,29.530001,2.19,320.799988,33.41,23.040001,27.82
12/9/2020,33.009998,33.014999,29.73,2.16,312.540009,33.700001,23.299999,28.040001
12/10/2020,33.009998,33.014999,31,2.52,334.51001,34.169998,23.52,28.120001
12/11/2020,33.02,32.93,31.110001,2.35,342.410004,33.259998,23.049999,28
12/14/2020,33.080002,32.945,31.42,2.4,350.089996,32.349998,23.01,27
12/15/2020,33,33.009998,31.75,2.49,345.100006,33.32,23.34,26.700001
12/16/2020,32.57,33.105999,30.98,2.34,350.880005,33.060001,23.33,27.559999
12/17/2020,32.650002,33.105,32.040001,2.2,361.070007,33.73,23.450001,27.58
12/18/2020,32.200001,33.132999,33.669998,2.21,365.029999,33.380001,23.4,27.950001
12/21/2020,31.67,33.071999,32.849998,2.15,364.820007,33.240002,23.35,28.1
12/22/2020,31.709999,33.047001,33.860001,2.13,370.75,32.84,23.16,28
12/23/2020,31.51,33.119999,33.209999,2.2,363.279999,33.34,23.360001,28.25
12/24/2020,31.6,33.084999,33.220001,2.2,362.880005,33.310001,23.49,28.02
12/28/2020,31.780001,33.150002,32.380001,2.17,355.660004,33.5,23.530001,27.93
12/29/2020,31.49,33.153,31.85,2.17,350.5,32.93,23.379999,27.98
12/30/2020,31.17,33.160999,32.299999,2.25,349.559998,33.349998,23.360001,29
12/31/2020,31.299999,33.220001,31.870001,2.42,338.5,33.310001,23.139999,29.16
1/4/2021,30.68,33.034,31.209999,2.27,334.589996,32.439999,22.75,28.049999
1/5/2021,31.139999,33.175999,31.1,2.29,341.23999,32.32,23.16,28.82
1/6/2021,31.190001,33.23,30.040001,2.2,329.01001,33.709999,23.57,28.48
1/7/2021,31.34,33.373001,30.93,2.24,357.149994,33.630001,23.91,28.200001
1/8/2021,31.48,33.355,31.049999,2.35,360.269989,34.299999,23.950001,28.76
1/11/2021,31.219999,33.32,30.719999,2.32,362.01001,34.709999,23.25,28.799999
1/12/2021,31.01,33.275002,31.110001,2.3,375.149994,36.110001,23.700001,30.280001
1/13/2021,30.860001,33.320999,30.959999,2.26,369,35.73,23.83,29.940001
1/14/2021,30.280001,33.285999,31.41,2.23,385.100006,35.950001,23.76,29.75
1/15/2021,30.68,33.237999,30.780001,2.16,388.649994,35.66,23.76,29.52
1/19/2021,31.110001,33.375,31.110001,2.15,382.25,35.110001,24.620001,30.139999
1/20/2021,32.099998,33.458,33.240002,2.11,392.970001,36.169998,25.200001,31.07
1/21/2021,31.719999,33.490002,33.32,2.18,389,35.330002,25.08,32.259998
1/22/2021,31.299999,33.439999,33.52,2.19,392.01001,34.77,24.93,33.040001
1/25/2021,31.549999,33.365002,33.330002,2.18,380,34.450001,24.889999,34.240002
1/26/2021,31.5,33.415001,32.470001,2.1,355.149994,33.43,25.01,34.82
1/27/2021,30.309999,33.074001,30.77,3.19,337.769989,31.93,24.389999,35.009998
1/28/2021,31.5,33.215,31.18,2.48,360.910004,32.700001,24,33.139999
1/29/2021,31.15,33.043999,30.52,2.52,359.429993,30.99,23.74,33.080002
2/1/2021,31.620001,33.215,31.370001,2.38,371.549988,31.309999,23.940001,34.259998
2/2/2021,32.650002,33.395,32.560001,2.33,387.25,32.959999,24.49,35.279999
2/3/2021,32.560001,33.415001,33.209999,2.51,389.5,35.110001,25,35.5
2/4/2021,32.75,33.522999,33.139999,2.4,399.48999,35.849998,23.99,34.5
2/5/2021,32.970001,33.528999,33.580002,2.62,400.059998,35.990002,23.700001,35.360001
2/8/2021,32.82,33.610001,34.630001,2.76,399.51001,36.959999,24.43,36.610001
2/9/2021,32.720001,33.575001,34.810001,2.6,406.570007,36.459999,24.049999,36.849998
2/10/2021,32.91,33.562,34.509998,2.81,433.299988,36.02,24.49,37.07
2/11/2021,33.009998,33.505001,35.07,2.67,433.190002,36.43,24.41,37.93
2/12/2021,33.23,33.615002,34.419998,3.3,435.290009,36.889999,24.33,38.48
2/16/2021,33.209999,33.630001,34.619999,3.72,421.26001,35.990002,24.42,37.419998
2/17/2021,33.450001,33.575001,33.82,3.62,411.649994,35.18,24.41,36.91
2/18/2021,32.889999,33.573002,33.330002,3.55,443.48999,34.970001,24.459999,36.939999
2/19/2021,32.450001,33.549999,33.689999,3.46,425.549988,36.41,25.209999,36.93
2/22/2021,32.509998,33.534,33.16,4.15,409.209991,37.57,24.68,35.990002
2/23/2021,33.220001,33.584999,31.969999,4.12,410.589996,37.279999,24.540001,35.360001
2/24/2021,32.939999,33.645,32.82,4.75,408.959991,37,25.24,34.689999
2/25/2021,32.650002,33.41,29.790001,4.16,377.589996,36.169998,25.219999,34.07
2/26/2021,33.02,33.458,30.285,4.34,392.880005,36.459999,24.959999,33.740002
3/1/2021,33.799999,33.644001,30.709999,4.39,415.779999,37.040001,25.5,35.220001
3/2/2021,33.700001,33.66,29.940001,4.56,394.619995,37.09,25.27,35.060001
3/3/2021,33.310001,33.540001,28.530001,4.22,364.519989,38.389999,25.02,34.799999
3/4/2021,32.919998,33.337002,26.620001,3.72,346.049988,37.369999,24.559999,34.48
3/5/2021,33.16,33.59,27.27,3.77,337.279999,38,25.49,34.959999
3/8/2021,32.82,33.560001,25.719999,3.64,320.589996,38.349998,26.42,31.950001
3/9/2021,32.630001,33.674999,27.120001,3.9,362.359985,38.700001,25.860001,32.110001
3/10/2021,33.060001,33.728001,27.01,3.83,352.769989,39.400002,26.209999,32.009998
3/11/2021,32.68,33.827,27.700001,4.16,374.25,40.400002,26.280001,33.099998
3/12/2021,33.290001,33.830002,27.360001,4.4,369.029999,40.43,26.709999,33.07
3/15/2021,34.169998,33.890999,27.879999,5.18,369.579987,39.93,26.780001,32.950001
3/16/2021,33.810001,33.901001,27.27,4.59,373.220001,38.599998,26.4,32.830002
3/17/2021,33.400002,33.923,27.32,5.13,386.269989,39.040001,26.559999,32.98
3/18/2021,32.990002,33.805,25.65,4.89,352.049988,36.849998,26.450001,29.48
3/19/2021,33.029999,33.849998,26.219999,4.86,355.799988,38,26.129999,28.610001
3/22/2021,32.759998,33.958,26.43,4.63,359.799988,37.299999,26.280001,27.43
3/23/2021,32.720001,33.882,27.35,4.35,354.420013,36.419998,25.280001,28.219999
3/24/2021,32.34,33.900002,27.195,4.11,326.5,36.450001,25.530001,27.67
3/25/2021,32.580002,33.907001,26.799999,4.39,327.609985,37.009998,26.110001,28.67
3/26/2021,32.740002,34.000999,26.950001,4.37,319.790009,37.139999,26.190001,28.68
3/29/2021,32.560001,34.080002,26.01,4.19,315.079987,36.950001,26.25,28.110001
3/30/2021,32.459999,33.995998,25.860001,4.29,321.200012,37.84,26.389999,28.379999
3/31/2021,32.619999,34.110001,26.559999,4.3,340.76001,38.119999,26.07,29.15
4/1/2021,33.639999,34.130001,27.219999,4.5,352.040009,37.84,26.17,30.1
4/5/2021,33.77,34.299999,27.700001,4.49,348.429993,38.169998,26.07,29.17
4/6/2021,34.509998,34.284,28.059999,4.23,357.529999,38.68,26.370001,29.6
4/7/2021,34.59,34.290001,27.26,4.22,353.109985,38.330002,26.32,28.459999
4/8/2021,34.959999,34.334999,27.959999,4.15,367.070007,38.790001,26.4,28.370001
4/9/2021,34.360001,34.361,27.389999,4.04,368.23999,39.560001,26.49,28.200001
4/12/2021,34.720001,34.369999,27.15,3.76,371.059998,39.439999,26.889999,28.530001
4/13/2021,34.990002,34.401001,27.27,3.8,386.600006,39.119999,26.59,29.59
4/14/2021,34.810001,34.305,27.84,3.78,372,38.779999,26.700001,29.549999
4/15/2021,35.209999,34.429001,28.48,3.6,389.890015,38.869999,26.99,28.959999
4/16/2021,35.27,34.445,27.34,3.69,385.23999,38.790001,27.209999,29.57
4/19/2021,35.150002,34.389999,27.01,3.58,367.459991,38.700001,28.360001,29.99
4/20/2021,35.150002,34.32,26.469999,3.32,367.649994,38.07,28.33,30.18
4/21/2021,35.389999,34.435001,26.84,3.46,370.200012,38.93,28.370001,29.559999
4/22/2021,35.209999,34.380001,26.620001,3.48,373.769989,39.220001,28.549999,31.25
4/23/2021,35.169998,34.419998,26.66,3.68,384.640015,39.43,28.82,32.279999
4/26/2021,35.439999,34.459999,27.450001,3.73,400.679993,39.950001,28.889999,32.459999
4/27/2021,35.360001,34.48,27.18,3.78,395.890015,40.25,28.91,32.07
4/28/2021,35.720001,34.485001,27.32,3.7,393.799988,40.360001,29.059999,32.509998
4/29/2021,35.919998,34.473,27.74,3.65,375.440002,41.68,31.190001,32.009998
4/30/2021,36.02,34.439999,27.040001,3.58,367.799988,41.459999,31.4,32.16
5/3/2021,35.799999,34.474998,26.540001,3.54,359.920013,40.830002,31.549999,32.380001
5/4/2021,35.099998,34.348999,27.16,3.44,342.029999,39.970001,31.82,32.130001
5/5/2021,34.919998,34.453999,26.709999,3.51,335.720001,39.07,31.99,32.220001
5/6/2021,34.639999,34.41,28.15,3.54,304.119995,40.130001,31.92,31.68
5/7/2021,35.240002,34.575001,28.620001,3.8,307.149994,40.57,32.16,31.959999
5/10/2021,34.669998,34.485001,28.389999,3.44,294.700012,39.48,32.279999,31.34
5/11/2021,34.009998,34.396,28.26,3.52,306.070007,38.849998,31.809999,30.959999
5/12/2021,33.59,34.139,26.76,3.37,296.320007,36.919998,31.08,29.5
5/13/2021,33.91,34.328999,28.709999,3.41,281.019989,38.029999,31.51,29.709999
5/14/2021,34.790001,34.439999,29.99,3.68,299.399994,39.389999,31.709999,30.83
5/17/2021,35.02,34.400002,29.65,3.65,297.200012,39,31.709999,30.870001
5/18/2021,34.900002,34.355,29.639999,3.76,299.540009,38.259998,31.35,31.41
5/19/2021,34.82,34.273998,29.57,3.5,298.369995,37.599998,31.67,31.790001
5/20/2021,35.18,34.414001,30.290001,3.54,316.309998,37.990002,32.470001,32.779999
5/21/2021,35.349998,34.369999,30.110001,3.58,314.640015,37.990002,32.669998,32.029999
5/24/2021,35.98,34.5,30.98,3.63,324.089996,38.169998,32.630001,31.450001
5/25/2021,35.919998,34.514,30.969999,3.55,324.209991,38.310001,32.43,32.220001
5/26/2021,35.799999,34.470001,31.620001,3.84,332.359985,38.389999,32.610001,31.879999
5/27/2021,35.549999,34.541,31.9,3.85,338.690002,37.950001,32.84,31.58
5/28/2021,35.869999,34.575001,31.51,3.96,336,38.939999,33,32.09
6/1/2021,35.950001,34.535,32.549999,4.13,333.679993,39.91,33.41,31.92
6/2/2021,35.849998,34.525002,33.209999,3.8,331.480011,38.93,33.5,32.549999
6/3/2021,35.759998,34.57,33.240002,3.74,309.829987,37.849998,33.540001,31.870001
6/4/2021,36.110001,34.615002,33.48,3.66,309.910004,37.869999,33.759998,31.860001
6/7/2021,36.900002,34.646999,34.220001,3.74,314.519989,39.369999,33.810001,31.799999
6/8/2021,37.189999,34.615002,34.709999,3.87,317.200012,40.02,34.23,32.009998
6/9/2021,37.48,34.591999,34.599998,3.89,314.609985,38.970001,34.200001,31.559999
6/10/2021,37.240002,34.615002,34.48,3.77,324.100006,39.279999,33.970001,31.610001
6/11/2021,37,34.665001,34.939999,3.82,332.730011,40.060001,34.450001,31.6
6/14/2021,36.810001,34.646,37.509998,3.71,343.070007,39.310001,33.889999,31.530001
6/15/2021,36.810001,34.728001,37.599998,3.59,335.5,38.540001,34.18,31.09
6/16/2021,37.040001,34.720001,37.639999,3.61,334.399994,37.700001,33.48,30.5
6/17/2021,36.73,34.700001,37.209999,3.48,360.970001,36.84,33.02,30.030001
6/18/2021,36.599998,34.564999,36.900002,3.48,367.609985,36.509998,32.349998,28.92
6/21/2021,36.709999,34.695,36.34,3.48,363.190002,37.330002,33.189999,29.49
6/22/2021,36.970001,34.735001,38.93,3.45,377.529999,37.299999,33.200001,29.76
6/23/2021,36.950001,34.744999,39.139999,3.53,385.410004,38,32.439999,29.76
6/24/2021,36.380001,34.75,39.599998,3.57,386.559998,38.709999,32.720001,30.360001
6/25/2021,36.889999,34.84,39.950001,3.65,383.690002,38.580002,32.950001,30.719999
6/28/2021,36.490002,34.786999,39.27,3.44,394.119995,37.139999,32.48,30.209999
6/29/2021,36.25,34.755001,39.41,3.31,400.179993,36.75,32.41,30.6
6/30/2021,36.619999,34.856998,38.220001,3.31,394.160004,38.360001,32.459999,30.35
7/1/2021,36.139999,34.881001,38.279999,3.37,387,38.040001,32.759998,29.799999
7/2/2021,36.990002,34.880001,38.419998,3.28,388.679993,37.669998,32.52,29.299999
7/6/2021,36.200001,34.911999,38.48,3.18,394.390015,36.759998,32,29.110001
7/7/2021,36.139999,34.935001,37.43,3.06,388.850006,36.25,32.240002,28.68
7/8/2021,36.040001,34.816002,37.540001,3.03,384.850006,36.07,31.48,28.360001
7/9/2021,36.580002,34.950001,38.110001,3.05,392.269989,37.549999,32.02,29.08
7/12/2021,36.990002,35,37.049999,3.07,393.410004,37.150002,32.130001,28.799999
7/13/2021,36.549999,34.93,36.5,3.05,389.26001,35.77,31.66,29.48
7/14/2021,36.990002,34.974998,35.119999,3,375.350006,35.540001,31.52,29.15
7/15/2021,36.700001,34.884998,34.59,2.95,366.269989,35.52,31.139999,29.209999
7/16/2021,36.669998,34.855,33.939999,2.93,374.980011,34.740002,30.41,29.190001
7/19/2021,35.880001,34.655998,33.669998,2.77,379.059998,33,30.16,28.469999
